Region,InstanceType,OnDemand_Hourly,Spot_Hourly,EC2_SP_1yr_Hourly,EC2_SP_3yr_Hourly,Compute_SP_1yr_Hourly,Compute_SP_3yr_Hourly,RI_1yr_NoUpfront,RI_3yr_NoUpfront,RI_1yr_PartialUpfront,RI_3yr_PartialUpfront,RI_1yr_AllUpfront,RI_3yr_AllUpfront
us-east-1,a1.2xlarge,0.204,0.2031,,,,,0.204,0.204,0.204,0.204,0.204,0.204
us-east-1,a1.4xlarge,0.0,0.4061,,,,,0.408,0.408,0.408,0.408,0.408,0.408
us-east-1,a1.large,0.051,0.0508,,,,,0.051,0.051,0.051,0.051,0.051,0.051
us-east-1,a1.medium,0.0,0.0254,,,,,0.0255,0.0255,0.0255,0.0255,0.0255,0.0255
us-east-1,a1.metal,0.408,0.406,,,,,0.408,0.408,0.408,0.408,0.408,0.408
us-east-1,a1.xlarge,0.0,0.1015,,,,,0.102,0.102,0.102,0.102,0.102,0.102
us-east-1,c1.medium,0.13,0.0344,,,,,0.13,0.13,0.13,0.13,0.13,0.13
us-east-1,c1.xlarge,0.52,0.2148,,,,,0.52,0.52,0.52,0.52,0.52,0.52
us-east-1,c3.2xlarge,0.0,0.2101,,,,,1.38,1.38,1.38,1.38,1.38,1.38
us-east-1,c3.4xlarge,6.84,0.5868,,,,,6.84,6.84,6.84,6.84,6.84,6.84
us-east-1,c3.8xlarge,2.288,0.6941,,,,,6.0,6.0,6.0,6.0,6.0,6.0
us-east-1,c3.large,0.585,0.0315,,,,,0.585,0.585,0.585,0.585,0.585,0.585
us-east-1,c3.xlarge,0.69,0.1029,,,,,0.69,0.69,0.69,0.69,0.69,0.69
us-east-1,c4.2xlarge,0.398,0.1826,,,,,0.398,0.398,0.398,0.398,0.398,0.398
us-east-1,c4.4xlarge,6.8,0.3264,,,,,6.8,6.8,6.8,6.8,6.8,6.8
us-east-1,c4.8xlarge,2.208,0.5574,,,,,2.208,2.208,2.208,2.208,2.208,2.208
us-east-1,c4.large,0.1,0.0437,,,,,0.168,0.168,0.168,0.168,0.168,0.168
us-east-1,c4.xlarge,0.0,0.0783,,,,,0.199,0.199,0.199,0.199,0.199,0.199
us-east-1,c5.12xlarge,7.8,0.6446,,,,,7.8,7.8,7.8,7.8,7.8,7.8
us-east-1,c5.18xlarge,0.0,0.5881,,,,,11.7,11.7,11.7,11.7,11.7,11.7
us-east-1,c5.24xlarge,0.0,1.4026,,,,,5.702,5.702,5.702,5.702,5.702,5.702
us-east-1,c5.2xlarge,0.0,0.1445,,,,,0.475,0.475,0.475,0.475,0.475,0.475
us-east-1,c5.4xlarge,6.68,0.1949,,,,,6.68,6.68,6.68,6.68,6.68,6.68
us-east-1,c5.9xlarge,0.0,0.6426,,,,,1.53,1.53,1.53,1.53,1.53,1.53
us-east-1,c5.large,0.085,0.0331,,,,,0.085,0.085,0.085,0.085,0.085,0.085
us-east-1,c5.metal,5.702,1.0599,,,,,5.702,5.702,5.702,5.702,5.702,5.702
us-east-1,c5.xlarge,0.17,0.079,,,,,0.17,0.17,0.17,0.17,0.17,0.17
us-east-1,c5a.12xlarge,0.0,0.5741,,,,,2.659,2.659,2.659,2.659,2.659,2.659
us-east-1,c5a.16xlarge,10.144,1.0104,,,,,26.464,26.464,26.464,26.464,26.464,26.464
us-east-1,c5a.24xlarge,39.696,1.3475,,,,,39.696,39.696,39.696,39.696,39.696,39.696
us-east-1,c5a.2xlarge,0.443,0.1631,,,,,0.443,0.443,0.443,0.443,0.443,0.443
us-east-1,c5a.4xlarge,0.886,0.2794,,,,,2.536,2.536,2.536,2.536,2.536,2.536
us-east-1,c5a.8xlarge,5.072,0.4632,,,,,5.072,5.072,5.072,5.072,5.072,5.072
us-east-1,c5a.large,0.0,0.0298,,,,,0.077,0.077,0.077,0.077,0.077,0.077
us-east-1,c5a.xlarge,0.222,0.077,,,,,0.222,0.222,0.222,0.222,0.222,0.222
us-east-1,c5ad.12xlarge,2.064,0.8239,,,,,2.064,2.064,2.064,2.064,2.064,2.064
us-east-1,c5ad.16xlarge,3.834,1.3332,,,,,3.834,3.834,3.834,3.834,3.834,3.834
us-east-1,c5ad.24xlarge,15.648,1.6591,,,,,15.648,15.648,15.648,15.648,15.648,15.648
us-east-1,c5ad.2xlarge,0.344,0.2622,,,,,0.479,0.479,0.479,0.479,0.479,0.479
us-east-1,c5ad.4xlarge,0.688,0.3518,,,,,2.608,2.608,2.608,2.608,2.608,2.608
us-east-1,c5ad.8xlarge,1.917,0.7377,,,,,1.917,1.917,1.917,1.917,1.917,1.917
us-east-1,c5ad.large,0.0,0.0302,,,,,0.154,0.154,0.154,0.154,0.154,0.154
us-east-1,c5ad.xlarge,0.172,0.0905,,,,,1.672,1.672,1.672,1.672,1.672,1.672
us-east-1,c5d.12xlarge,2.304,0.7987,,,,,2.304,2.304,2.304,2.304,2.304,2.304
us-east-1,c5d.18xlarge,12.096,0.767,,,,,12.096,12.096,12.096,12.096,12.096,12.096
us-east-1,c5d.24xlarge,16.128,1.2508,,,,,16.128,16.128,16.128,16.128,16.128,16.128
us-east-1,c5d.2xlarge,0.519,0.1771,,,,,0.384,0.384,0.384,0.384,0.384,0.384
us-east-1,c5d.4xlarge,1.038,0.3657,,,,,2.688,2.688,2.688,2.688,2.688,2.688
us-east-1,c5d.9xlarge,0.0,0.6103,,,,,15.228,15.228,15.228,15.228,15.228,15.228
us-east-1,c5d.large,0.164,0.0366,,,,,0.164,0.164,0.164,0.164,0.164,0.164
us-east-1,c5d.metal,16.128,1.0189,,,,,16.128,16.128,16.128,16.128,16.128,16.128
us-east-1,c5d.xlarge,0.0,0.0923,,,,,0.26,0.26,0.26,0.26,0.26,0.26
us-east-1,c5n.18xlarge,30.888,1.5055,,,,,3.888,3.888,3.888,3.888,3.888,3.888
us-east-1,c5n.2xlarge,0.567,0.2273,,,,,1.392,1.392,1.392,1.392,1.392,1.392
us-east-1,c5n.4xlarge,0.864,0.5233,,,,,1.134,1.134,1.134,1.134,1.134,1.134
us-east-1,c5n.9xlarge,6.264,0.8825,,,,,6.264,6.264,6.264,6.264,6.264,6.264
us-east-1,c5n.large,0.108,0.0445,,,,,0.108,0.108,0.108,0.108,0.108,0.108
us-east-1,c5n.metal,5.105,1.1208,,,,,5.105,5.105,5.105,5.105,5.105,5.105
us-east-1,c5n.xlarge,0.216,0.1114,,,,,1.716,1.716,1.716,1.716,1.716,1.716
us-east-1,c6a.12xlarge,2.6472,0.6304,,,,,7.596,7.596,7.596,7.596,7.596,7.596
us-east-1,c6a.16xlarge,26.448,0.8331,,,,,26.448,26.448,26.448,26.448,26.448,26.448
us-east-1,c6a.24xlarge,3.672,1.2304,,,,,39.672,39.672,39.672,39.672,39.672,39.672
us-east-1,c6a.2xlarge,0.0,0.1456,,,,,0.306,0.306,0.306,0.306,0.306,0.306
us-east-1,c6a.32xlarge,4.896,1.2684,,,,,4.896,4.896,4.896,4.896,4.896,4.896
us-east-1,c6a.48xlarge,30.384,1.9897,,,,,30.384,30.384,30.384,30.384,30.384,30.384
us-east-1,c6a.4xlarge,6.612,0.2544,,,,,0.8824,0.8824,0.8824,0.8824,0.8824,0.8824
us-east-1,c6a.8xlarge,13.224,0.4214,,,,,1.7648,1.7648,1.7648,1.7648,1.7648,1.7648
us-east-1,c6a.large,0.5565,0.0331,,,,,0.5565,0.5565,0.5565,0.5565,0.5565,0.5565
us-east-1,c6a.metal,10.5888,1.9898,,,,,10.5888,10.5888,10.5888,10.5888,10.5888,10.5888
us-east-1,c6a.xlarge,0.0,0.0609,,,,,0.2206,0.2206,0.2206,0.2206,0.2206,0.2206
us-east-1,c6g.12xlarge,1.632,0.4052,,,,,1.632,1.632,1.632,1.632,1.632,1.632
us-east-1,c6g.16xlarge,0.0,0.5703,,,,,2.176,2.176,2.176,2.176,2.176,2.176
us-east-1,c6g.2xlarge,0.272,0.0956,,,,,0.272,0.272,0.272,0.272,0.272,0.272
us-east-1,c6g.4xlarge,0.0,0.1551,,,,,0.544,0.544,0.544,0.544,0.544,0.544
us-east-1,c6g.8xlarge,0.0,0.3043,,,,,1.088,1.088,1.088,1.088,1.088,1.088
us-east-1,c6g.large,0.068,0.0328,,,,,0.068,0.068,0.068,0.068,0.068,0.068
us-east-1,c6g.medium,0.0,0.0122,,,,,0.034,0.034,0.034,0.034,0.034,0.034
us-east-1,c6g.metal,2.176,0.5366,,,,,2.176,2.176,2.176,2.176,2.176,2.176
us-east-1,c6g.xlarge,0.0,0.0501,,,,,0.136,0.136,0.136,0.136,0.136,0.136
us-east-1,c6gd.12xlarge,1.8432,0.5665,,,,,1.8432,1.8432,1.8432,1.8432,1.8432,1.8432
us-east-1,c6gd.16xlarge,2.4576,0.4652,,,,,2.4576,2.4576,2.4576,2.4576,2.4576,2.4576
us-east-1,c6gd.2xlarge,0.3072,0.1217,,,,,0.3072,0.3072,0.3072,0.3072,0.3072,0.3072
us-east-1,c6gd.4xlarge,0.6144,0.2243,,,,,0.6144,0.6144,0.6144,0.6144,0.6144,0.6144
us-east-1,c6gd.8xlarge,1.2288,0.368,,,,,1.2288,1.2288,1.2288,1.2288,1.2288,1.2288
us-east-1,c6gd.large,0.0,0.0363,,,,,0.0768,0.0768,0.0768,0.0768,0.0768,0.0768
us-east-1,c6gd.medium,0.0384,0.0064,,,,,0.0384,0.0384,0.0384,0.0384,0.0384,0.0384
us-east-1,c6gd.metal,0.0,0.5075,,,,,2.4576,2.4576,2.4576,2.4576,2.4576,2.4576
us-east-1,c6gd.xlarge,0.1536,0.0552,,,,,0.1536,0.1536,0.1536,0.1536,0.1536,0.1536
us-east-1,c6gn.12xlarge,0.0,0.52,,,,,2.0736,2.0736,2.0736,2.0736,2.0736,2.0736
us-east-1,c6gn.16xlarge,2.7648,0.3934,,,,,2.7648,2.7648,2.7648,2.7648,2.7648,2.7648
us-east-1,c6gn.2xlarge,0.0,0.1009,,,,,0.3456,0.3456,0.3456,0.3456,0.3456,0.3456
us-east-1,c6gn.4xlarge,0.6912,0.193,,,,,0.6912,0.6912,0.6912,0.6912,0.6912,0.6912
us-east-1,c6gn.8xlarge,1.3824,0.3647,,,,,1.3824,1.3824,1.3824,1.3824,1.3824,1.3824
us-east-1,c6gn.large,0.0864,0.0408,,,,,0.0864,0.0864,0.0864,0.0864,0.0864,0.0864
us-east-1,c6gn.medium,0.0,0.0104,,,,,0.0432,0.0432,0.0432,0.0432,0.0432,0.0432
us-east-1,c6gn.xlarge,0.1728,0.0623,,,,,0.1728,0.1728,0.1728,0.1728,0.1728,0.1728
us-east-1,c6i.12xlarge,0.0,0.7314,,,,,2.04,2.04,2.04,2.04,2.04,2.04
us-east-1,c6i.16xlarge,0.0,0.9748,,,,,3.8016,3.8016,3.8016,3.8016,3.8016,3.8016
us-east-1,c6i.24xlarge,0.0,1.3689,,,,,4.08,4.08,4.08,4.08,4.08,4.08
us-east-1,c6i.2xlarge,0.34,0.1805,,,,,0.34,0.34,0.34,0.34,0.34,0.34
us-east-1,c6i.32xlarge,7.6032,1.1183,,,,,20.8,20.8,20.8,20.8,20.8,20.8
us-east-1,c6i.4xlarge,6.68,0.3022,,,,,0.68,0.68,0.68,0.68,0.68,0.68
us-east-1,c6i.8xlarge,13.36,0.5692,,,,,13.36,13.36,13.36,13.36,13.36,13.36
us-east-1,c6i.large,0.0,0.0304,,,,,0.565,0.565,0.565,0.565,0.565,0.565
us-east-1,c6i.metal,20.8,1.3744,,,,,53.44,53.44,53.44,53.44,53.44,53.44
us-east-1,c6i.xlarge,0.0,0.0698,,,,,1.67,1.67,1.67,1.67,1.67,1.67
us-east-1,c6id.12xlarge,0.0,0.7473,,,,,2.4192,2.4192,2.4192,2.4192,2.4192,2.4192
us-east-1,c6id.16xlarge,10.9056,1.4171,,,,,10.9056,10.9056,10.9056,10.9056,10.9056,10.9056
us-east-1,c6id.24xlarge,40.8384,2.2516,,,,,40.8384,40.8384,40.8384,40.8384,40.8384,40.8384
us-east-1,c6id.2xlarge,3.4032,0.1802,,,,,0.5384,0.5384,0.5384,0.5384,0.5384,0.5384
us-east-1,c6id.32xlarge,54.4512,1.6895,,,,,54.4512,54.4512,54.4512,54.4512,54.4512,54.4512
us-east-1,c6id.4xlarge,0.0,0.4897,,,,,0.8064,0.8064,0.8064,0.8064,0.8064,0.8064
us-east-1,c6id.8xlarge,13.6128,0.6506,,,,,5.4528,5.4528,5.4528,5.4528,5.4528,5.4528
us-east-1,c6id.large,0.0,0.0426,,,,,0.1008,0.1008,0.1008,0.1008,0.1008,0.1008
us-east-1,c6id.metal,0.0,1.5163,,,,,54.4512,54.4512,54.4512,54.4512,54.4512,54.4512
us-east-1,c6id.xlarge,1.7016,0.0879,,,,,1.7016,1.7016,1.7016,1.7016,1.7016,1.7016
us-east-1,c6in.12xlarge,20.7216,0.9376,,,,,8.4816,8.4816,8.4816,8.4816,8.4816,8.4816
us-east-1,c6in.16xlarge,0.0,1.4222,,,,,11.3088,11.3088,11.3088,11.3088,11.3088,11.3088
us-east-1,c6in.24xlarge,5.4432,1.7282,,,,,7.0656,7.0656,7.0656,7.0656,7.0656,7.0656
us-east-1,c6in.2xlarge,0.0,0.2594,,,,,0.4536,0.4536,0.4536,0.4536,0.4536,0.4536
us-east-1,c6in.32xlarge,0.0,2.406,,,,,22.6176,22.6176,22.6176,22.6176,22.6176,22.6176
us-east-1,c6in.4xlarge,0.0,0.4577,,,,,2.8272,2.8272,2.8272,2.8272,2.8272,2.8272
us-east-1,c6in.8xlarge,13.8144,0.7791,,,,,13.8144,13.8144,13.8144,13.8144,13.8144,13.8144
us-east-1,c6in.large,0.0,0.0401,,,,,0.5934,0.5934,0.5934,0.5934,0.5934,0.5934
us-east-1,c6in.metal,55.2576,1.2491,,,,,22.6176,22.6176,22.6176,22.6176,22.6176,22.6176
us-east-1,c6in.xlarge,0.2268,0.1047,,,,,0.2268,0.2268,0.2268,0.2268,0.2268,0.2268
us-east-1,c7a.12xlarge,8.22336,0.7042,,,,,3.27456,3.27456,3.27456,3.27456,3.27456,3.27456
us-east-1,c7a.16xlarge,10.96448,1.4772,,,,,10.96448,10.96448,10.96448,10.96448,10.96448,10.96448
us-east-1,c7a.24xlarge,0.0,1.5257,,,,,6.54912,6.54912,6.54912,6.54912,6.54912,6.54912
us-east-1,c7a.2xlarge,0.54576,0.2026,,,,,0.54576,0.54576,0.54576,0.54576,0.54576,0.54576
us-east-1,c7a.32xlarge,0.0,2.2671,,,,,21.92896,21.92896,21.92896,21.92896,21.92896,21.92896
us-east-1,c7a.48xlarge,9.85344,2.4006,,,,,9.85344,9.85344,9.85344,9.85344,9.85344,9.85344
us-east-1,c7a.4xlarge,1.09152,0.2908,,,,,1.09152,1.09152,1.09152,1.09152,1.09152,1.09152
us-east-1,c7a.8xlarge,0.0,0.6845,,,,,1.64224,1.64224,1.64224,1.64224,1.64224,1.64224
us-east-1,c7a.large,0.10264,0.033,,,,,0.10264,0.10264,0.10264,0.10264,0.10264,0.10264
us-east-1,c7a.medium,0.0,0.0241,,,,,0.11892,0.11892,0.11892,0.11892,0.11892,0.11892
us-east-1,c7a.metal-48xl,0.0,2.8821,,,,,9.85344,9.85344,9.85344,9.85344,9.85344,9.85344
us-east-1,c7a.xlarge,0.27288,0.076,,,,,0.20528,0.20528,0.20528,0.20528,0.20528,0.20528
us-east-1,c7g.12xlarge,1.74,0.5094,,,,,1.74,1.74,1.74,1.74,1.74,1.74
us-east-1,c7g.16xlarge,2.32,0.5785,,,,,2.32,2.32,2.32,2.32,2.32,2.32
us-east-1,c7g.2xlarge,0.0,0.0862,,,,,0.29,0.29,0.29,0.29,0.29,0.29
us-east-1,c7g.4xlarge,0.58,0.1545,,,,,0.58,0.58,0.58,0.58,0.58,0.58
us-east-1,c7g.8xlarge,1.16,0.3261,,,,,1.16,1.16,1.16,1.16,1.16,1.16
us-east-1,c7g.large,0.0725,0.0352,,,,,0.0725,0.0725,0.0725,0.0725,0.0725,0.0725
us-east-1,c7g.medium,0.0,0.0176,,,,,0.0363,0.0363,0.0363,0.0363,0.0363,0.0363
us-east-1,c7g.metal,0.0,0.6186,,,,,2.32,2.32,2.32,2.32,2.32,2.32
us-east-1,c7g.xlarge,0.145,0.054,,,,,0.145,0.145,0.145,0.145,0.145,0.145
us-east-1,c7gd.12xlarge,2.1773,0.6607,,,,,2.1773,2.1773,2.1773,2.1773,2.1773,2.1773
us-east-1,c7gd.16xlarge,2.903,0.9397,,,,,2.903,2.903,2.903,2.903,2.903,2.903
us-east-1,c7gd.2xlarge,0.3629,0.2213,,,,,0.3629,0.3629,0.3629,0.3629,0.3629,0.3629
us-east-1,c7gd.4xlarge,0.7258,0.3906,,,,,0.7258,0.7258,0.7258,0.7258,0.7258,0.7258
us-east-1,c7gd.8xlarge,1.4515,0.704,,,,,1.4515,1.4515,1.4515,1.4515,1.4515,1.4515
us-east-1,c7gd.large,0.0907,0.0323,,,,,0.0907,0.0907,0.0907,0.0907,0.0907,0.0907
us-east-1,c7gd.medium,0.0,0.011,,,,,0.0454,0.0454,0.0454,0.0454,0.0454,0.0454
us-east-1,c7gd.metal,2.903,0.459,,,,,2.903,2.903,2.903,2.903,2.903,2.903
us-east-1,c7gd.xlarge,0.0,0.0557,,,,,0.1814,0.1814,0.1814,0.1814,0.1814,0.1814
us-east-1,c7gn.12xlarge,2.9952,0.7558,,,,,2.9952,2.9952,2.9952,2.9952,2.9952,2.9952
us-east-1,c7gn.16xlarge,3.9936,0.9962,,,,,3.9936,3.9936,3.9936,3.9936,3.9936,3.9936
us-east-1,c7gn.2xlarge,0.4992,0.0787,,,,,0.4992,0.4992,0.4992,0.4992,0.4992,0.4992
us-east-1,c7gn.4xlarge,0.0,0.2511,,,,,0.9984,0.9984,0.9984,0.9984,0.9984,0.9984
us-east-1,c7gn.8xlarge,0.0,0.5024,,,,,1.9968,1.9968,1.9968,1.9968,1.9968,1.9968
us-east-1,c7gn.large,0.1248,0.0353,,,,,0.1248,0.1248,0.1248,0.1248,0.1248,0.1248
us-east-1,c7gn.medium,0.0624,0.0256,,,,,0.0624,0.0624,0.0624,0.0624,0.0624,0.0624
us-east-1,c7gn.metal,3.9936,0.5949,,,,,3.9936,3.9936,3.9936,3.9936,3.9936,3.9936
us-east-1,c7gn.xlarge,0.2496,0.0765,,,,,0.2496,0.2496,0.2496,0.2496,0.2496,0.2496
us-east-1,c7i-flex.12xlarge,2.8461,0.6201,,,,,2.8461,2.8461,2.8461,2.8461,2.8461,2.8461
us-east-1,c7i-flex.16xlarge,0.0,0.792,,,,,2.7132,2.7132,2.7132,2.7132,2.7132,2.7132
us-east-1,c7i-flex.2xlarge,0.0,0.2135,,,,,0.47435,0.47435,0.47435,0.47435,0.47435,0.47435
us-east-1,c7i-flex.4xlarge,0.6783,0.2859,,,,,0.6783,0.6783,0.6783,0.6783,0.6783,0.6783
us-east-1,c7i-flex.8xlarge,0.0,0.4047,,,,,1.8974,1.8974,1.8974,1.8974,1.8974,1.8974
us-east-1,c7i-flex.large,0.15239,0.0273,,,,,0.15239,0.15239,0.15239,0.15239,0.15239,0.15239
us-east-1,c7i-flex.xlarge,1.66958,0.0691,,,,,0.16958,0.16958,0.16958,0.16958,0.16958,0.16958
us-east-1,c7i.12xlarge,2.142,0.7873,,,,,2.9532,2.9532,2.9532,2.9532,2.9532,2.9532
us-east-1,c7i.16xlarge,3.9376,0.9893,,,,,3.9376,3.9376,3.9376,3.9376,3.9376,3.9376
us-east-1,c7i.24xlarge,4.284,1.398,,,,,15.804,15.804,15.804,15.804,15.804,15.804
us-east-1,c7i.2xlarge,3.357,0.1554,,,,,0.357,0.357,0.357,0.357,0.357,0.357
us-east-1,c7i.48xlarge,0.0,2.1756,,,,,8.568,8.568,8.568,8.568,8.568,8.568
us-east-1,c7i.4xlarge,0.9844,0.2703,,,,,0.9844,0.9844,0.9844,0.9844,0.9844,0.9844
us-east-1,c7i.8xlarge,1.428,0.4963,,,,,13.428,13.428,13.428,13.428,13.428,13.428
us-east-1,c7i.large,0.0,0.0276,,,,,0.08925,0.08925,0.08925,0.08925,0.08925,0.08925
us-east-1,c7i.metal-24xl,40.284,0.8631,,,,,40.284,40.284,40.284,40.284,40.284,40.284
us-east-1,c7i.metal-48xl,80.568,2.4785,,,,,8.568,8.568,8.568,8.568,8.568,8.568
us-east-1,c7i.xlarge,1.6785,0.0712,,,,,1.6785,1.6785,1.6785,1.6785,1.6785,1.6785
us-east-1,c8g.12xlarge,0.0,0.5701,,,,,1.91424,1.91424,1.91424,1.91424,1.91424,1.91424
us-east-1,c8g.16xlarge,0.0,0.3757,,,,,2.55232,2.55232,2.55232,2.55232,2.55232,2.55232
us-east-1,c8g.24xlarge,3.82848,0.9703,,,,,3.82848,3.82848,3.82848,3.82848,3.82848,3.82848
us-east-1,c8g.2xlarge,0.31904,0.0868,,,,,0.31904,0.31904,0.31904,0.31904,0.31904,0.31904
us-east-1,c8g.48xlarge,7.65696,1.3934,,,,,7.65696,7.65696,7.65696,7.65696,7.65696,7.65696
us-east-1,c8g.4xlarge,0.0,0.1896,,,,,0.63808,0.63808,0.63808,0.63808,0.63808,0.63808
us-east-1,c8g.8xlarge,1.27616,0.4764,,,,,1.27616,1.27616,1.27616,1.27616,1.27616,1.27616
us-east-1,c8g.large,0.07976,0.0282,,,,,0.07976,0.07976,0.07976,0.07976,0.07976,0.07976
us-east-1,c8g.medium,0.03988,0.0162,,,,,0.03988,0.03988,0.03988,0.03988,0.03988,0.03988
us-east-1,c8g.metal-24xl,0.0,1.1167,,,,,3.82848,3.82848,3.82848,3.82848,3.82848,3.82848
us-east-1,c8g.metal-48xl,7.65696,1.5203,,,,,7.65696,7.65696,7.65696,7.65696,7.65696,7.65696
us-east-1,c8g.xlarge,0.15952,0.0504,,,,,0.15952,0.15952,0.15952,0.15952,0.15952,0.15952
us-east-1,c8gd.12xlarge,2.35152,0.5583,,,,,,,,,,
us-east-1,c8gd.16xlarge,0.0,0.4451,,,,,,,,,,
us-east-1,c8gd.24xlarge,0.0,2.1433,,,,,,,,,,
us-east-1,c8gd.2xlarge,0.39192,0.1139,,,,,,,,,,
us-east-1,c8gd.48xlarge,9.40608,1.2589,,,,,,,,,,
us-east-1,c8gd.4xlarge,0.78384,0.3058,,,,,,,,,,
us-east-1,c8gd.8xlarge,1.56768,0.4964,,,,,,,,,,
us-east-1,c8gd.large,0.09798,0.0351,,,,,,,,,,
us-east-1,c8gd.medium,0.04899,0.0055,,,,,,,,,,
us-east-1,c8gd.metal-24xl,4.70304,0.62,,,,,,,,,,
us-east-1,c8gd.metal-48xl,0.0,1.0553,,,,,,,,,,
us-east-1,c8gd.xlarge,0.19596,0.0759,,,,,,,,,,
us-east-1,d2.2xlarge,4.38,0.3316,,,,,1.38,1.38,1.38,1.38,1.38,1.38
us-east-1,d2.4xlarge,8.76,0.8991,,,,,8.76,8.76,8.76,8.76,8.76,8.76
us-east-1,d2.8xlarge,0.0,1.4979,,,,,19.02,19.02,19.02,19.02,19.02,19.02
us-east-1,d2.xlarge,0.0,0.1055,,,,,0.69,0.69,0.69,0.69,0.69,0.69
us-east-1,d3.2xlarge,3.999,0.3711,,,,,0.999,0.999,0.999,0.999,0.999,0.999
us-east-1,d3.4xlarge,0.0,0.6705,,,,,1.998,1.998,1.998,1.998,1.998,1.998
us-east-1,d3.8xlarge,3.99552,1.2682,,,,,3.99552,3.99552,3.99552,3.99552,3.99552,3.99552
us-east-1,d3.xlarge,0.499,0.1328,,,,,0.499,0.499,0.499,0.499,0.499,0.499
us-east-1,d3en.12xlarge,7.11984,1.313,,,,,7.11984,7.11984,7.11984,7.11984,7.11984,7.11984
us-east-1,d3en.2xlarge,1.187,0.3459,,,,,1.051,1.051,1.051,1.051,1.051,1.051
us-east-1,d3en.4xlarge,2.103,0.5955,,,,,4.023,4.023,4.023,4.023,4.023,4.023
us-east-1,d3en.6xlarge,6.034,1.1435,,,,,3.56,3.56,3.56,3.56,3.56,3.56
us-east-1,d3en.8xlarge,0.0,1.2669,,,,,16.20576,16.20576,16.20576,16.20576,16.20576,16.20576
us-east-1,d3en.xlarge,2.026,0.1801,,,,,0.593,0.593,0.593,0.593,0.593,0.593
us-east-1,dl1.24xlarge,0.0,1.3109,,,,,13.10904,13.10904,13.10904,13.10904,13.10904,13.10904
us-east-1,f1.16xlarge,0.0,3.1464,,,,,,,,,,
us-east-1,f1.2xlarge,1.65,0.4148,,,,,,,,,,
us-east-1,f1.4xlarge,3.3,0.8213,,,,,,,,,,
us-east-1,f2.12xlarge,3.96,1.538,,,,,,,,,,
us-east-1,f2.48xlarge,15.84,2.3071,,,,,,,,,,
us-east-1,f2.6xlarge,0.0,,,,,,,,,,,
us-east-1,g4ad.16xlarge,3.468,1.9107,,,,,3.468,3.468,3.468,3.468,3.468,3.468
us-east-1,g4ad.2xlarge,0.54117,0.27,,,,,0.54117,0.54117,0.54117,0.54117,0.54117,0.54117
us-east-1,g4ad.4xlarge,0.867,0.3745,,,,,0.867,0.867,0.867,0.867,0.867,0.867
us-east-1,g4ad.8xlarge,1.734,0.7602,,,,,1.734,1.734,1.734,1.734,1.734,1.734
us-east-1,g4ad.xlarge,0.37853,0.1367,,,,,0.37853,0.37853,0.37853,0.37853,0.37853,0.37853
us-east-1,g4dn.12xlarge,0.0,1.594,,,,,3.912,3.912,3.912,3.912,3.912,3.912
us-east-1,g4dn.16xlarge,0.0,1.076,,,,,4.352,4.352,4.352,4.352,4.352,4.352
us-east-1,g4dn.2xlarge,0.752,0.3159,,,,,0.752,0.752,0.752,0.752,0.752,0.752
us-east-1,g4dn.4xlarge,1.204,0.3832,,,,,1.204,1.204,1.204,1.204,1.204,1.204
us-east-1,g4dn.8xlarge,2.176,0.7859,,,,,2.176,2.176,2.176,2.176,2.176,2.176
us-east-1,g4dn.metal,7.824,4.08,,,,,7.824,7.824,7.824,7.824,7.824,7.824
us-east-1,g4dn.xlarge,0.526,0.1908,,,,,0.526,0.526,0.526,0.526,0.526,0.526
us-east-1,g5.12xlarge,5.672,2.5693,,,,,5.672,5.672,5.672,5.672,5.672,5.672
us-east-1,g5.16xlarge,4.096,1.4789,,,,,4.096,4.096,4.096,4.096,4.096,4.096
us-east-1,g5.24xlarge,8.144,3.6117,,,,,8.144,8.144,8.144,8.144,8.144,8.144
us-east-1,g5.2xlarge,0.0,0.4263,,,,,1.212,1.212,1.212,1.212,1.212,1.212
us-east-1,g5.48xlarge,0.0,6.1413,,,,,16.288,16.288,16.288,16.288,16.288,16.288
us-east-1,g5.4xlarge,1.624,0.683,,,,,1.624,1.624,1.624,1.624,1.624,1.624
us-east-1,g5.8xlarge,0.0,0.9988,,,,,2.448,2.448,2.448,2.448,2.448,2.448
us-east-1,g5.xlarge,1.006,0.4473,,,,,1.006,1.006,1.006,1.006,1.006,1.006
us-east-1,g5g.16xlarge,2.744,0.4529,,,,,2.744,2.744,2.744,2.744,2.744,2.744
us-east-1,g5g.2xlarge,0.0,0.3082,,,,,0.556,0.556,0.556,0.556,0.556,0.556
us-east-1,g5g.4xlarge,0.0,0.3073,,,,,0.828,0.828,0.828,0.828,0.828,0.828
us-east-1,g5g.8xlarge,1.372,0.6309,,,,,1.372,1.372,1.372,1.372,1.372,1.372
us-east-1,g5g.metal,0.0,0.4801,,,,,2.744,2.744,2.744,2.744,2.744,2.744
us-east-1,g5g.xlarge,0.42,0.1254,,,,,0.42,0.42,0.42,0.42,0.42,0.42
us-east-1,g6.12xlarge,4.6016,1.9083,,,,,4.6016,4.6016,4.6016,4.6016,4.6016,4.6016
us-east-1,g6.16xlarge,3.3968,1.4383,,,,,3.3968,3.3968,3.3968,3.3968,3.3968,3.3968
us-east-1,g6.24xlarge,6.6752,2.8561,,,,,6.6752,6.6752,6.6752,6.6752,6.6752,6.6752
us-east-1,g6.2xlarge,0.9776,0.4231,,,,,0.9776,0.9776,0.9776,0.9776,0.9776,0.9776
us-east-1,g6.48xlarge,13.3504,4.4248,,,,,13.3504,13.3504,13.3504,13.3504,13.3504,13.3504
us-east-1,g6.4xlarge,1.3232,0.5767,,,,,1.3232,1.3232,1.3232,1.3232,1.3232,1.3232
us-east-1,g6.8xlarge,2.0144,0.863,,,,,2.0144,2.0144,2.0144,2.0144,2.0144,2.0144
us-east-1,g6.xlarge,0.0,0.3924,,,,,0.8048,0.8048,0.8048,0.8048,0.8048,0.8048
us-east-1,g6e.12xlarge,0.0,4.6204,,,,,10.49264,10.49264,10.49264,10.49264,10.49264,10.49264
us-east-1,g6e.16xlarge,7.57719,2.2071,,,,,7.57719,7.57719,7.57719,7.57719,7.57719,7.57719
us-east-1,g6e.24xlarge,0.0,2.766,,,,,15.06559,15.06559,15.06559,15.06559,15.06559,15.06559
us-east-1,g6e.2xlarge,0.0,0.7112,,,,,2.24208,2.24208,2.24208,2.24208,2.24208,2.24208
us-east-1,g6e.48xlarge,0.0,10.8158,,,,,30.13118,30.13118,30.13118,30.13118,30.13118,30.13118
us-east-1,g6e.4xlarge,3.00424,0.8289,,,,,3.00424,3.00424,3.00424,3.00424,3.00424,3.00424
us-east-1,g6e.8xlarge,0.0,1.5507,,,,,4.52856,4.52856,4.52856,4.52856,4.52856,4.52856
us-east-1,g6e.xlarge,1.861,0.8171,,,,,1.861,1.861,1.861,1.861,1.861,1.861
us-east-1,gr6.4xlarge,1.5392,0.7058,,,,,1.5392,1.5392,1.5392,1.5392,1.5392,1.5392
us-east-1,gr6.8xlarge,2.4464,1.0255,,,,,2.4464,2.4464,2.4464,2.4464,2.4464,2.4464
us-east-1,h1.16xlarge,4.4,1.2047,,,,,4.826,4.826,4.826,4.826,4.826,4.826
us-east-1,h1.2xlarge,0.0,0.1941,,,,,3.468,3.468,3.468,3.468,3.468,3.468
us-east-1,h1.4xlarge,6.936,0.2982,,,,,6.936,6.936,6.936,6.936,6.936,6.936
us-east-1,h1.8xlarge,13.872,0.6658,,,,,13.872,13.872,13.872,13.872,13.872,13.872
us-east-1,hpc7g.16xlarge,1.6832,,,,,,1.6832,1.6832,1.6832,1.6832,1.6832,1.6832
us-east-1,hpc7g.4xlarge,1.6832,,,,,,1.6832,1.6832,1.6832,1.6832,1.6832,1.6832
us-east-1,hpc7g.8xlarge,1.6832,,,,,,1.6832,1.6832,1.6832,1.6832,1.6832,1.6832
us-east-1,i2.2xlarge,0.0,0.2973,,,,,2.666,2.666,2.666,2.666,2.666,2.666
us-east-1,i2.4xlarge,0.0,1.4138,,,,,9.412,9.412,9.412,9.412,9.412,9.412
us-east-1,i2.8xlarge,0.0,1.7922,,,,,6.82,6.82,6.82,6.82,6.82,6.82
us-east-1,i2.xlarge,0.853,0.1029,,,,,0.853,0.853,0.853,0.853,0.853,0.853
us-east-1,i3.16xlarge,0.0,1.8393,,,,,12.672,12.672,12.672,12.672,12.672,12.672
us-east-1,i3.2xlarge,1.584,0.3159,,,,,1.584,1.584,1.584,1.584,1.584,1.584
us-east-1,i3.4xlarge,1.248,0.6298,,,,,1.248,1.248,1.248,1.248,1.248,1.248
us-east-1,i3.8xlarge,14.496,1.3511,,,,,3.037,3.037,3.037,3.037,3.037,3.037
us-east-1,i3.large,0.636,0.0381,,,,,0.636,0.636,0.636,0.636,0.636,0.636
us-east-1,i3.metal,0.0,1.202,,,,,4.992,4.992,4.992,4.992,4.992,4.992
us-east-1,i3.xlarge,0.792,0.1326,,,,,0.792,0.792,0.792,0.792,0.792,0.792
us-east-1,i3en.12xlarge,0.0,1.6702,,,,,11.184,11.184,11.184,11.184,11.184,11.184
us-east-1,i3en.24xlarge,12.47,4.1462,,,,,12.47,12.47,12.47,12.47,12.47,12.47
us-east-1,i3en.2xlarge,3.904,0.3662,,,,,3.904,3.904,3.904,3.904,3.904,3.904
us-east-1,i3en.3xlarge,2.796,0.4779,,,,,1.356,1.356,1.356,1.356,1.356,1.356
us-east-1,i3en.6xlarge,11.712,0.8079,,,,,11.712,11.712,11.712,11.712,11.712,11.712
us-east-1,i3en.large,0.0,0.0643,,,,,0.294,0.294,0.294,0.294,0.294,0.294
us-east-1,i3en.metal,12.47,1.9523,,,,,12.47,12.47,12.47,12.47,12.47,12.47
us-east-1,i3en.xlarge,0.0,0.1226,,,,,0.932,0.932,0.932,0.932,0.932,0.932
us-east-1,i4g.16xlarge,4.94208,1.3644,,,,,4.94208,4.94208,4.94208,4.94208,4.94208,4.94208
us-east-1,i4g.2xlarge,0.61776,0.1741,,,,,0.61776,0.61776,0.61776,0.61776,0.61776,0.61776
us-east-1,i4g.4xlarge,1.23552,0.5929,,,,,1.23552,1.23552,1.23552,1.23552,1.23552,1.23552
us-east-1,i4g.8xlarge,0.0,1.1309,,,,,2.47104,2.47104,2.47104,2.47104,2.47104,2.47104
us-east-1,i4g.large,0.0,0.0571,,,,,0.15444,0.15444,0.15444,0.15444,0.15444,0.15444
us-east-1,i4g.xlarge,0.30888,0.1097,,,,,0.30888,0.30888,0.30888,0.30888,0.30888,0.30888
us-east-1,i4i.12xlarge,4.93,1.0362,,,,,4.93,4.93,4.93,4.93,4.93,4.93
us-east-1,i4i.16xlarge,6.573,2.2557,,,,,5.491,5.491,5.491,5.491,5.491,5.491
us-east-1,i4i.24xlarge,0.0,2.1631,,,,,44.2368,44.2368,44.2368,44.2368,44.2368,44.2368
us-east-1,i4i.2xlarge,0.0,0.3884,,,,,0.686,0.686,0.686,0.686,0.686,0.686
us-east-1,i4i.32xlarge,10.9824,2.4255,,,,,10.9824,10.9824,10.9824,10.9824,10.9824,10.9824
us-east-1,i4i.4xlarge,3.293,0.699,,,,,3.293,3.293,3.293,3.293,3.293,3.293
us-east-1,i4i.8xlarge,0.0,1.4562,,,,,6.586,6.586,6.586,6.586,6.586,6.586
us-east-1,i4i.large,0.0,0.0454,,,,,0.652,0.652,0.652,0.652,0.652,0.652
us-east-1,i4i.metal,13.146,3.1041,,,,,13.146,13.146,13.146,13.146,13.146,13.146
us-east-1,i4i.xlarge,0.343,0.2534,,,,,0.411,0.411,0.411,0.411,0.411,0.411
us-east-1,i7i.12xlarge,10.2902,2.009,,,,,,,,,,
us-east-1,i7i.16xlarge,0.0,2.4502,,,,,,,,,,
us-east-1,i7i.24xlarge,9.0605,2.5957,,,,,,,,,,
us-east-1,i7i.2xlarge,0.0,0.3239,,,,,,,,,,
us-east-1,i7i.48xlarge,41.161,8.128,,,,,,,,,,
us-east-1,i7i.4xlarge,0.0,0.8156,,,,,,,,,,
us-east-1,i7i.8xlarge,3.561,1.3499,,,,,,,,,,
us-east-1,i7i.large,0.2564,0.0364,,,,,,,,,,
us-east-1,i7i.metal-24xl,10.6829,1.2013,,,,,,,,,,
us-east-1,i7i.metal-48xl,21.3658,2.0332,,,,,,,,,,
us-east-1,i7i.xlarge,1.8775,0.1303,,,,,,,,,,
us-east-1,i7ie.12xlarge,6.2376,2.1007,,,,,,,,,,
us-east-1,i7ie.18xlarge,0.0,2.5664,,,,,,,,,,
us-east-1,i7ie.24xlarge,23.9952,3.1872,,,,,,,,,,
us-east-1,i7ie.2xlarge,1.1748,0.3618,,,,,,,,,,
us-east-1,i7ie.3xlarge,0.0,0.5097,,,,,,,,,,
us-east-1,i7ie.48xlarge,0.0,7.5351,,,,,,,,,,
us-east-1,i7ie.6xlarge,3.1188,1.1849,,,,,,,,,,
us-east-1,i7ie.large,0.7399,0.0675,,,,,,,,,,
us-east-1,i7ie.metal-24xl,0.0,1.5283,,,,,,,,,,
us-east-1,i7ie.metal-48xl,0.0,2.495,,,,,,,,,,
us-east-1,i7ie.xlarge,0.5874,0.1534,,,,,,,,,,
us-east-1,i8g.12xlarge,0.0,0.4527,,,,,,,,,,
us-east-1,i8g.16xlarge,0.0,0.7226,,,,,,,,,,
us-east-1,i8g.24xlarge,8.2368,4.5592,,,,,,,,,,
us-east-1,i8g.2xlarge,0.6864,0.1963,,,,,,,,,,
us-east-1,i8g.48xlarge,0.0,1.7945,,,,,,,,,,
us-east-1,i8g.4xlarge,1.3728,0.3326,,,,,,,,,,
us-east-1,i8g.8xlarge,2.7456,0.7598,,,,,,,,,,
us-east-1,i8g.large,0.1716,0.0569,,,,,,,,,,
us-east-1,i8g.metal-24xl,8.2368,2.1147,,,,,,,,,,
us-east-1,i8g.xlarge,0.3432,0.1036,,,,,,,,,,
us-east-1,im4gn.16xlarge,5.82067,0.7201,,,,,5.82067,5.82067,5.82067,5.82067,5.82067,5.82067
us-east-1,im4gn.2xlarge,0.0,0.149,,,,,0.72758,0.72758,0.72758,0.72758,0.72758,0.72758
us-east-1,im4gn.4xlarge,1.45517,0.1762,,,,,1.45517,1.45517,1.45517,1.45517,1.45517,1.45517
us-east-1,im4gn.8xlarge,0.0,0.566,,,,,2.91034,2.91034,2.91034,2.91034,2.91034,2.91034
us-east-1,im4gn.large,0.1819,0.0623,,,,,0.1819,0.1819,0.1819,0.1819,0.1819,0.1819
us-east-1,im4gn.xlarge,0.0,0.1176,,,,,0.36379,0.36379,0.36379,0.36379,0.36379,0.36379
us-east-1,inf1.24xlarge,40.721,1.4065,,,,,40.721,40.721,40.721,40.721,40.721,40.721
us-east-1,inf1.2xlarge,0.0,0.1036,,,,,1.322,1.322,1.322,1.322,1.322,1.322
us-east-1,inf1.6xlarge,1.586,0.3789,,,,,10.18,10.18,10.18,10.18,10.18,10.18
us-east-1,inf1.xlarge,0.0,0.0605,,,,,0.708,0.708,0.708,0.708,0.708,0.708
us-east-1,inf2.24xlarge,0.0,1.4397,,,,,6.49063,6.49063,6.49063,6.49063,6.49063,6.49063
us-east-1,inf2.48xlarge,12.98127,3.1285,,,,,12.98127,12.98127,12.98127,12.98127,12.98127,12.98127
us-east-1,inf2.8xlarge,1.96786,0.561,,,,,1.96786,1.96786,1.96786,1.96786,1.96786,1.96786
us-east-1,inf2.xlarge,0.0,0.1861,,,,,0.7582,0.7582,0.7582,0.7582,0.7582,0.7582
us-east-1,is4gen.2xlarge,1.1526,0.1521,,,,,1.1526,1.1526,1.1526,1.1526,1.1526,1.1526
us-east-1,is4gen.4xlarge,2.3052,0.6381,,,,,2.3052,2.3052,2.3052,2.3052,2.3052,2.3052
us-east-1,is4gen.8xlarge,4.6104,0.5848,,,,,4.6104,4.6104,4.6104,4.6104,4.6104,4.6104
us-east-1,is4gen.large,0.28815,0.1124,,,,,0.28815,0.28815,0.28815,0.28815,0.28815,0.28815
us-east-1,is4gen.medium,0.0,0.0194,,,,,0.14408,0.14408,0.14408,0.14408,0.14408,0.14408
us-east-1,is4gen.xlarge,0.5763,0.2174,,,,,0.5763,0.5763,0.5763,0.5763,0.5763,0.5763
us-east-1,m1.large,0.175,0.0424,,,,,0.175,0.175,0.175,0.175,0.175,0.175
us-east-1,m1.medium,0.087,0.03,,,,,0.087,0.087,0.087,0.087,0.087,0.087
us-east-1,m1.small,0.044,0.013,,,,,0.044,0.044,0.044,0.044,0.044,0.044
us-east-1,m1.xlarge,0.35,0.1159,,,,,0.35,0.35,0.35,0.35,0.35,0.35
us-east-1,m2.2xlarge,0.49,0.1734,,,,,0.49,0.49,0.49,0.49,0.49,0.49
us-east-1,m2.4xlarge,0.98,0.3953,,,,,0.98,0.98,0.98,0.98,0.98,0.98
us-east-1,m2.xlarge,0.245,0.0625,,,,,0.245,0.245,0.245,0.245,0.245,0.245
us-east-1,m3.2xlarge,1.496,0.2648,,,,,0.671,0.671,0.671,0.671,0.671,0.671
us-east-1,m3.large,0.202,0.0367,,,,,0.202,0.202,0.202,0.202,0.202,0.202
us-east-1,m3.medium,0.0,0.017,,,,,0.067,0.067,0.067,0.067,0.067,0.067
us-east-1,m3.xlarge,0.266,0.0889,,,,,0.748,0.748,0.748,0.748,0.748,0.748
us-east-1,m4.10xlarge,2.0,0.8104,,,,,6.8,6.8,6.8,6.8,6.8,6.8
us-east-1,m4.16xlarge,10.88,1.1008,,,,,10.88,10.88,10.88,10.88,10.88,10.88
us-east-1,m4.2xlarge,0.0,0.1938,,,,,3.4,3.4,3.4,3.4,3.4,3.4
us-east-1,m4.4xlarge,0.8,0.3278,,,,,0.8,0.8,0.8,0.8,0.8,0.8
us-east-1,m4.large,0.58,0.052,,,,,0.58,0.58,0.58,0.58,0.58,0.58
us-east-1,m4.xlarge,0.2,0.0857,,,,,0.2,0.2,0.2,0.2,0.2,0.2
us-east-1,m5.12xlarge,20.304,0.6923,,,,,3.115,3.115,3.115,3.115,3.115,3.115
us-east-1,m5.16xlarge,4.154,0.8602,,,,,27.072,27.072,27.072,27.072,27.072,27.072
us-east-1,m5.24xlarge,6.23,1.178,,,,,6.23,6.23,6.23,6.23,6.23,6.23
us-east-1,m5.2xlarge,0.0,0.1524,,,,,3.384,3.384,3.384,3.384,3.384,3.384
us-east-1,m5.4xlarge,0.0,0.3129,,,,,6.768,6.768,6.768,6.768,6.768,6.768
us-east-1,m5.8xlarge,0.0,0.4431,,,,,5.376,5.376,5.376,5.376,5.376,5.376
us-east-1,m5.large,0.0,0.0307,,,,,0.164,0.164,0.164,0.164,0.164,0.164
us-east-1,m5.metal,0.0,1.0918,,,,,6.23,6.23,6.23,6.23,6.23,6.23
us-east-1,m5.xlarge,0.192,0.064,,,,,0.192,0.192,0.192,0.192,0.192,0.192
us-east-1,m5a.12xlarge,2.064,0.6891,,,,,2.064,2.064,2.064,2.064,2.064,2.064
us-east-1,m5a.16xlarge,26.752,1.1921,,,,,26.752,26.752,26.752,26.752,26.752,26.752
us-east-1,m5a.24xlarge,15.648,1.1967,,,,,5.75,5.75,5.75,5.75,5.75,5.75
us-east-1,m5a.2xlarge,0.0,0.173,,,,,1.304,1.304,1.304,1.304,1.304,1.304
us-east-1,m5a.4xlarge,0.0,0.2938,,,,,0.958,0.958,0.958,0.958,0.958,0.958
us-east-1,m5a.8xlarge,0.0,0.4438,,,,,13.376,13.376,13.376,13.376,13.376,13.376
us-east-1,m5a.large,0.0,0.0327,,,,,0.154,0.154,0.154,0.154,0.154,0.154
us-east-1,m5a.xlarge,0.0,0.0853,,,,,0.172,0.172,0.172,0.172,0.172,0.172
us-east-1,m5ad.12xlarge,8.232,1.0194,,,,,8.232,8.232,8.232,8.232,8.232,8.232
us-east-1,m5ad.16xlarge,0.0,1.6689,,,,,10.976,10.976,10.976,10.976,10.976,10.976
us-east-1,m5ad.24xlarge,6.566,1.7075,,,,,16.464,16.464,16.464,16.464,16.464,16.464
us-east-1,m5ad.2xlarge,1.372,0.2485,,,,,0.547,0.547,0.547,0.547,0.547,0.547
us-east-1,m5ad.4xlarge,0.824,0.5173,,,,,1.094,1.094,1.094,1.094,1.094,1.094
us-east-1,m5ad.8xlarge,0.0,0.8797,,,,,1.648,1.648,1.648,1.648,1.648,1.648
us-east-1,m5ad.large,0.103,0.0516,,,,,0.583,0.583,0.583,0.583,0.583,0.583
us-east-1,m5ad.xlarge,0.686,0.1071,,,,,0.686,0.686,0.686,0.686,0.686,0.686
us-east-1,m5d.12xlarge,2.712,0.9675,,,,,2.712,2.712,2.712,2.712,2.712,2.712
us-east-1,m5d.16xlarge,0.0,1.691,,,,,11.296,11.296,11.296,11.296,11.296,11.296
us-east-1,m5d.24xlarge,0.0,1.5526,,,,,41.424,41.424,41.424,41.424,41.424,41.424
us-east-1,m5d.2xlarge,0.452,0.2425,,,,,3.452,3.452,3.452,3.452,3.452,3.452
us-east-1,m5d.4xlarge,6.904,0.3857,,,,,6.904,6.904,6.904,6.904,6.904,6.904
us-east-1,m5d.8xlarge,0.0,0.9036,,,,,5.648,5.648,5.648,5.648,5.648,5.648
us-east-1,m5d.large,0.113,0.064,,,,,0.113,0.113,0.113,0.113,0.113,0.113
us-east-1,m5d.metal,0.0,1.4686,,,,,5.424,5.424,5.424,5.424,5.424,5.424
us-east-1,m5d.xlarge,0.0,0.1141,,,,,0.226,0.226,0.226,0.226,0.226,0.226
us-east-1,m5dn.12xlarge,21.264,1.2454,,,,,9.024,9.024,9.024,9.024,9.024,9.024
us-east-1,m5dn.16xlarge,12.032,1.5132,,,,,12.032,12.032,12.032,12.032,12.032,12.032
us-east-1,m5dn.24xlarge,42.528,2.7946,,,,,18.048,18.048,18.048,18.048,18.048,18.048
us-east-1,m5dn.2xlarge,3.544,0.2752,,,,,3.544,3.544,3.544,3.544,3.544,3.544
us-east-1,m5dn.4xlarge,7.088,0.5875,,,,,1.358,1.358,1.358,1.358,1.358,1.358
us-east-1,m5dn.8xlarge,2.717,1.1364,,,,,2.717,2.717,2.717,2.717,2.717,2.717
us-east-1,m5dn.large,0.616,0.0549,,,,,0.616,0.616,0.616,0.616,0.616,0.616
us-east-1,m5dn.metal,42.528,1.2181,,,,,18.048,18.048,18.048,18.048,18.048,18.048
us-east-1,m5dn.xlarge,0.0,0.1153,,,,,0.752,0.752,0.752,0.752,0.752,0.752
us-east-1,m5n.12xlarge,8.616,1.1693,,,,,8.616,8.616,8.616,8.616,8.616,8.616
us-east-1,m5n.16xlarge,0.0,1.4845,,,,,3.808,3.808,3.808,3.808,3.808,3.808
us-east-1,m5n.24xlarge,5.712,1.8387,,,,,5.712,5.712,5.712,5.712,5.712,5.712
us-east-1,m5n.2xlarge,0.611,0.2643,,,,,0.611,0.611,0.611,0.611,0.611,0.611
us-east-1,m5n.4xlarge,6.952,0.4056,,,,,6.952,6.952,6.952,6.952,6.952,6.952
us-east-1,m5n.8xlarge,0.0,0.849,,,,,13.904,13.904,13.904,13.904,13.904,13.904
us-east-1,m5n.large,0.187,0.0501,,,,,0.187,0.187,0.187,0.187,0.187,0.187
us-east-1,m5n.metal,41.712,1.5312,,,,,41.712,41.712,41.712,41.712,41.712,41.712
us-east-1,m5n.xlarge,0.0,0.1443,,,,,0.718,0.718,0.718,0.718,0.718,0.718
us-east-1,m5zn.12xlarge,21.9641,1.7179,,,,,21.9641,21.9641,21.9641,21.9641,21.9641,21.9641
us-east-1,m5zn.2xlarge,1.6207,0.3042,,,,,1.6207,1.6207,1.6207,1.6207,1.6207,1.6207
us-east-1,m5zn.3xlarge,2.431,0.6578,,,,,2.431,2.431,2.431,2.431,2.431,2.431
us-east-1,m5zn.6xlarge,4.862,1.0038,,,,,4.862,4.862,4.862,4.862,4.862,4.862
us-east-1,m5zn.large,0.1652,0.0643,,,,,0.6452,0.6452,0.6452,0.6452,0.6452,0.6452
us-east-1,m5zn.metal,3.9641,1.5412,,,,,9.7241,9.7241,9.7241,9.7241,9.7241,9.7241
us-east-1,m5zn.xlarge,0.8103,0.1671,,,,,0.8103,0.8103,0.8103,0.8103,0.8103,0.8103
us-east-1,m6a.12xlarge,20.0736,0.6995,,,,,7.8336,7.8336,7.8336,7.8336,7.8336,7.8336
us-east-1,m6a.16xlarge,2.7648,0.9252,,,,,3.8464,3.8464,3.8464,3.8464,3.8464,3.8464
us-east-1,m6a.24xlarge,40.1472,1.0714,,,,,40.1472,40.1472,40.1472,40.1472,40.1472,40.1472
us-east-1,m6a.2xlarge,0.0,0.1439,,,,,3.3456,3.3456,3.3456,3.3456,3.3456,3.3456
us-east-1,m6a.32xlarge,7.6928,1.5954,,,,,7.6928,7.6928,7.6928,7.6928,7.6928,7.6928
us-east-1,m6a.48xlarge,8.2944,2.3697,,,,,11.5392,11.5392,11.5392,11.5392,11.5392,11.5392
us-east-1,m6a.4xlarge,0.6912,0.3578,,,,,6.6912,6.6912,6.6912,6.6912,6.6912,6.6912
us-east-1,m6a.8xlarge,1.3824,0.4332,,,,,1.3824,1.3824,1.3824,1.3824,1.3824,1.3824
us-east-1,m6a.large,0.0864,0.0406,,,,,0.0864,0.0864,0.0864,0.0864,0.0864,0.0864
us-east-1,m6a.metal,80.2944,2.1185,,,,,80.2944,80.2944,80.2944,80.2944,80.2944,80.2944
us-east-1,m6a.xlarge,0.0,0.0792,,,,,0.2404,0.2404,0.2404,0.2404,0.2404,0.2404
us-east-1,m6g.12xlarge,1.848,0.488,,,,,1.848,1.848,1.848,1.848,1.848,1.848
us-east-1,m6g.16xlarge,2.464,0.7788,,,,,2.464,2.464,2.464,2.464,2.464,2.464
us-east-1,m6g.2xlarge,0.308,0.1167,,,,,0.308,0.308,0.308,0.308,0.308,0.308
us-east-1,m6g.4xlarge,0.0,0.2373,,,,,0.616,0.616,0.616,0.616,0.616,0.616
us-east-1,m6g.8xlarge,1.232,0.4863,,,,,1.232,1.232,1.232,1.232,1.232,1.232
us-east-1,m6g.large,0.077,0.0284,,,,,0.077,0.077,0.077,0.077,0.077,0.077
us-east-1,m6g.medium,0.0,0.0156,,,,,0.0385,0.0385,0.0385,0.0385,0.0385,0.0385
us-east-1,m6g.metal,2.464,0.4945,,,,,2.464,2.464,2.464,2.464,2.464,2.464
us-east-1,m6g.xlarge,0.154,0.0491,,,,,0.154,0.154,0.154,0.154,0.154,0.154
us-east-1,m6gd.12xlarge,2.1696,0.5858,,,,,2.1696,2.1696,2.1696,2.1696,2.1696,2.1696
us-east-1,m6gd.16xlarge,2.8928,0.8253,,,,,2.8928,2.8928,2.8928,2.8928,2.8928,2.8928
us-east-1,m6gd.2xlarge,0.3616,0.1634,,,,,0.3616,0.3616,0.3616,0.3616,0.3616,0.3616
us-east-1,m6gd.4xlarge,0.7232,0.2519,,,,,0.7232,0.7232,0.7232,0.7232,0.7232,0.7232
us-east-1,m6gd.8xlarge,1.4464,0.4621,,,,,1.4464,1.4464,1.4464,1.4464,1.4464,1.4464
us-east-1,m6gd.large,0.0904,0.037,,,,,0.0904,0.0904,0.0904,0.0904,0.0904,0.0904
us-east-1,m6gd.medium,0.0,0.0161,,,,,0.0452,0.0452,0.0452,0.0452,0.0452,0.0452
us-east-1,m6gd.metal,2.8928,0.4603,,,,,2.8928,2.8928,2.8928,2.8928,2.8928,2.8928
us-east-1,m6gd.xlarge,0.1808,0.1133,,,,,0.1808,0.1808,0.1808,0.1808,0.1808,0.1808
us-east-1,m6i.12xlarge,3.1152,0.5875,,,,,3.1152,3.1152,3.1152,3.1152,3.1152,3.1152
us-east-1,m6i.16xlarge,0.0,1.201,,,,,10.752,10.752,10.752,10.752,10.752,10.752
us-east-1,m6i.24xlarge,16.128,1.8058,,,,,16.128,16.128,16.128,16.128,16.128,16.128
us-east-1,m6i.2xlarge,0.384,0.1752,,,,,0.384,0.384,0.384,0.384,0.384,0.384
us-east-1,m6i.32xlarge,21.504,1.5888,,,,,6.144,6.144,6.144,6.144,6.144,6.144
us-east-1,m6i.4xlarge,0.0,0.2682,,,,,2.688,2.688,2.688,2.688,2.688,2.688
us-east-1,m6i.8xlarge,5.376,0.5706,,,,,5.376,5.376,5.376,5.376,5.376,5.376
us-east-1,m6i.large,0.0,0.0323,,,,,0.1636,0.1636,0.1636,0.1636,0.1636,0.1636
us-east-1,m6i.metal,21.504,1.1878,,,,,21.504,21.504,21.504,21.504,21.504,21.504
us-east-1,m6i.xlarge,0.0,0.0828,,,,,0.192,0.192,0.192,0.192,0.192,0.192
us-east-1,m6id.12xlarge,20.8476,1.0192,,,,,20.8476,20.8476,20.8476,20.8476,20.8476,20.8476
us-east-1,m6id.16xlarge,0.0,0.9344,,,,,3.7968,3.7968,3.7968,3.7968,3.7968,3.7968
us-east-1,m6id.24xlarge,0.0,1.9351,,,,,7.3176,7.3176,7.3176,7.3176,7.3176,7.3176
us-east-1,m6id.2xlarge,0.6098,0.2187,,,,,0.6098,0.6098,0.6098,0.6098,0.6098,0.6098
us-east-1,m6id.32xlarge,9.7568,1.1524,,,,,9.7568,9.7568,9.7568,9.7568,9.7568,9.7568
us-east-1,m6id.4xlarge,2.8692,0.3878,,,,,2.8692,2.8692,2.8692,2.8692,2.8692,2.8692
us-east-1,m6id.8xlarge,2.4392,0.7603,,,,,13.8984,13.8984,13.8984,13.8984,13.8984,13.8984
us-east-1,m6id.large,0.59865,0.0416,,,,,0.59865,0.59865,0.59865,0.59865,0.59865,0.59865
us-east-1,m6id.metal,9.7568,1.4168,,,,,55.5936,55.5936,55.5936,55.5936,55.5936,55.5936
us-east-1,m6id.xlarge,0.7173,0.0882,,,,,0.7173,0.7173,0.7173,0.7173,0.7173,0.7173
us-east-1,m6idn.12xlarge,0.0,1.1306,,,,,3.81888,3.81888,3.81888,3.81888,3.81888,3.81888
us-east-1,m6idn.16xlarge,29.09184,2.1123,,,,,29.09184,29.09184,29.09184,29.09184,29.09184,29.09184
us-east-1,m6idn.24xlarge,43.63776,2.3821,,,,,43.63776,43.63776,43.63776,43.63776,43.63776,43.63776
us-east-1,m6idn.2xlarge,0.0,0.3235,,,,,0.77168,0.77168,0.77168,0.77168,0.77168,0.77168
us-east-1,m6idn.32xlarge,58.18368,4.0844,,,,,10.18368,10.18368,10.18368,10.18368,10.18368,10.18368
us-east-1,m6idn.4xlarge,0.0,0.8184,,,,,1.54336,1.54336,1.54336,1.54336,1.54336,1.54336
us-east-1,m6idn.8xlarge,14.54592,1.1698,,,,,14.54592,14.54592,14.54592,14.54592,14.54592,14.54592
us-east-1,m6idn.large,0.15912,0.0489,,,,,0.15912,0.15912,0.15912,0.15912,0.15912,0.15912
us-east-1,m6idn.metal,58.18368,2.8597,,,,,58.18368,58.18368,58.18368,58.18368,58.18368,58.18368
us-east-1,m6idn.xlarge,0.38584,0.1546,,,,,0.79824,0.79824,0.79824,0.79824,0.79824,0.79824
us-east-1,m6in.12xlarge,3.34152,1.5869,,,,,3.34152,3.34152,3.34152,3.34152,3.34152,3.34152
us-east-1,m6in.16xlarge,4.45536,1.9856,,,,,5.53696,5.53696,5.53696,5.53696,5.53696,5.53696
us-east-1,m6in.24xlarge,0.0,2.754,,,,,6.68304,6.68304,6.68304,6.68304,6.68304,6.68304
us-east-1,m6in.2xlarge,3.55692,0.2549,,,,,3.55692,3.55692,3.55692,3.55692,3.55692,3.55692
us-east-1,m6in.32xlarge,8.91072,2.8949,,,,,56.91072,56.91072,56.91072,56.91072,56.91072,56.91072
us-east-1,m6in.4xlarge,3.03384,0.8874,,,,,3.03384,3.03384,3.03384,3.03384,3.03384,3.03384
us-east-1,m6in.8xlarge,2.22768,1.3077,,,,,2.22768,2.22768,2.22768,2.22768,2.22768,2.22768
us-east-1,m6in.large,0.20683,0.0539,,,,,0.20683,0.20683,0.20683,0.20683,0.20683,0.20683
us-east-1,m6in.metal,24.27072,2.6472,,,,,11.07392,11.07392,11.07392,11.07392,11.07392,11.07392
us-east-1,m6in.xlarge,0.27846,0.1336,,,,,0.27846,0.27846,0.27846,0.27846,0.27846,0.27846
us-east-1,m7a.12xlarge,0.0,0.7253,,,,,2.78208,2.78208,2.78208,2.78208,2.78208,2.78208
us-east-1,m7a.16xlarge,3.70944,1.3407,,,,,3.70944,3.70944,3.70944,3.70944,3.70944,3.70944
us-east-1,m7a.24xlarge,7.18656,1.4018,,,,,7.18656,7.18656,7.18656,7.18656,7.18656,7.18656
us-east-1,m7a.2xlarge,1.42368,0.205,,,,,1.42368,1.42368,1.42368,1.42368,1.42368,1.42368
us-east-1,m7a.32xlarge,55.41888,1.9467,,,,,9.58208,9.58208,9.58208,9.58208,9.58208,9.58208
us-east-1,m7a.48xlarge,34.16832,2.3892,,,,,34.16832,34.16832,34.16832,34.16832,34.16832,34.16832
us-east-1,m7a.4xlarge,1.19776,0.3458,,,,,1.19776,1.19776,1.19776,1.19776,1.19776,1.19776
us-east-1,m7a.8xlarge,0.0,0.6771,,,,,1.85472,1.85472,1.85472,1.85472,1.85472,1.85472
us-east-1,m7a.large,0.59592,0.0369,,,,,0.18352,0.18352,0.18352,0.18352,0.18352,0.18352
us-east-1,m7a.medium,0.0,0.0191,,,,,0.12556,0.12556,0.12556,0.12556,0.12556,0.12556
us-east-1,m7a.metal-48xl,14.37312,1.6217,,,,,14.37312,14.37312,14.37312,14.37312,14.37312,14.37312
us-east-1,m7a.xlarge,1.73184,0.0764,,,,,0.23184,0.23184,0.23184,0.23184,0.23184,0.23184
us-east-1,m7g.12xlarge,1.9584,0.5612,,,,,1.9584,1.9584,1.9584,1.9584,1.9584,1.9584
us-east-1,m7g.16xlarge,2.6112,0.7298,,,,,2.6112,2.6112,2.6112,2.6112,2.6112,2.6112
us-east-1,m7g.2xlarge,0.3264,0.1035,,,,,0.3264,0.3264,0.3264,0.3264,0.3264,0.3264
us-east-1,m7g.4xlarge,0.0,0.2422,,,,,0.6528,0.6528,0.6528,0.6528,0.6528,0.6528
us-east-1,m7g.8xlarge,1.3056,0.4853,,,,,1.3056,1.3056,1.3056,1.3056,1.3056,1.3056
us-east-1,m7g.large,0.0816,0.0299,,,,,0.0816,0.0816,0.0816,0.0816,0.0816,0.0816
us-east-1,m7g.medium,0.0408,0.0152,,,,,0.0408,0.0408,0.0408,0.0408,0.0408,0.0408
us-east-1,m7g.metal,2.6112,0.593,,,,,2.6112,2.6112,2.6112,2.6112,2.6112,2.6112
us-east-1,m7g.xlarge,0.0,0.0513,,,,,0.1632,0.1632,0.1632,0.1632,0.1632,0.1632
us-east-1,m7gd.12xlarge,0.0,0.6299,,,,,2.5628,2.5628,2.5628,2.5628,2.5628,2.5628
us-east-1,m7gd.16xlarge,0.0,0.4696,,,,,3.4171,3.4171,3.4171,3.4171,3.4171,3.4171
us-east-1,m7gd.2xlarge,0.0,0.2225,,,,,0.4271,0.4271,0.4271,0.4271,0.4271,0.4271
us-east-1,m7gd.4xlarge,0.0,0.3855,,,,,0.8543,0.8543,0.8543,0.8543,0.8543,0.8543
us-east-1,m7gd.8xlarge,1.7086,0.7648,,,,,1.7086,1.7086,1.7086,1.7086,1.7086,1.7086
us-east-1,m7gd.large,0.1068,0.0536,,,,,0.1068,0.1068,0.1068,0.1068,0.1068,0.1068
us-east-1,m7gd.medium,0.0,0.0121,,,,,0.0534,0.0534,0.0534,0.0534,0.0534,0.0534
us-east-1,m7gd.metal,3.4171,0.4068,,,,,3.4171,3.4171,3.4171,3.4171,3.4171,3.4171
us-east-1,m7gd.xlarge,0.2136,0.1264,,,,,0.2136,0.2136,0.2136,0.2136,0.2136,0.2136
us-east-1,m7i-flex.12xlarge,0.0,0.8343,,,,,2.29824,2.29824,2.29824,2.29824,2.29824,2.29824
us-east-1,m7i-flex.16xlarge,0.0,1.2148,,,,,10.74432,10.74432,10.74432,10.74432,10.74432,10.74432
us-east-1,m7i-flex.2xlarge,0.0,0.2399,,,,,1.34304,1.34304,1.34304,1.34304,1.34304,1.34304
us-east-1,m7i-flex.4xlarge,6.76608,0.2955,,,,,6.76608,6.76608,6.76608,6.76608,6.76608,6.76608
us-east-1,m7i-flex.8xlarge,5.37216,0.7162,,,,,5.37216,5.37216,5.37216,5.37216,5.37216,5.37216
us-east-1,m7i-flex.large,0.09576,0.0255,,,,,0.16336,0.16336,0.16336,0.16336,0.16336,0.16336
us-east-1,m7i-flex.xlarge,0.25912,0.0853,,,,,0.25912,0.25912,0.25912,0.25912,0.25912,0.25912
us-east-1,m7i.12xlarge,0.0,0.6679,,,,,2.4192,2.4192,2.4192,2.4192,2.4192,2.4192
us-east-1,m7i.16xlarge,4.3072,0.9572,,,,,10.9056,10.9056,10.9056,10.9056,10.9056,10.9056
us-east-1,m7i.24xlarge,0.0,2.0825,,,,,6.4608,6.4608,6.4608,6.4608,6.4608,6.4608
us-east-1,m7i.2xlarge,0.0,0.1314,,,,,0.4032,0.4032,0.4032,0.4032,0.4032,0.4032
us-east-1,m7i.48xlarge,32.7168,3.7225,,,,,32.7168,32.7168,32.7168,32.7168,32.7168,32.7168
us-east-1,m7i.4xlarge,0.0,0.2415,,,,,6.8064,6.8064,6.8064,6.8064,6.8064,6.8064
us-east-1,m7i.8xlarge,0.0,0.457,,,,,13.6128,13.6128,13.6128,13.6128,13.6128,13.6128
us-east-1,m7i.large,0.0,0.0296,,,,,0.5808,0.5808,0.5808,0.5808,0.5808,0.5808
us-east-1,m7i.metal-24xl,6.4608,0.7437,,,,,40.8384,40.8384,40.8384,40.8384,40.8384,40.8384
us-east-1,m7i.metal-48xl,0.0,2.476,,,,,32.7168,32.7168,32.7168,32.7168,32.7168,32.7168
us-east-1,m7i.xlarge,0.0,0.0851,,,,,1.7016,1.7016,1.7016,1.7016,1.7016,1.7016
us-east-1,m8g.12xlarge,0.0,0.7793,,,,,2.15424,2.15424,2.15424,2.15424,2.15424,2.15424
us-east-1,m8g.16xlarge,2.87232,0.7477,,,,,2.87232,2.87232,2.87232,2.87232,2.87232,2.87232
us-east-1,m8g.24xlarge,4.30848,1.3758,,,,,4.30848,4.30848,4.30848,4.30848,4.30848,4.30848
us-east-1,m8g.2xlarge,0.0,0.113,,,,,0.35904,0.35904,0.35904,0.35904,0.35904,0.35904
us-east-1,m8g.48xlarge,0.0,3.0174,,,,,8.61696,8.61696,8.61696,8.61696,8.61696,8.61696
us-east-1,m8g.4xlarge,0.71808,0.3159,,,,,0.71808,0.71808,0.71808,0.71808,0.71808,0.71808
us-east-1,m8g.8xlarge,1.43616,0.5511,,,,,1.43616,1.43616,1.43616,1.43616,1.43616,1.43616
us-east-1,m8g.large,0.08976,0.0368,,,,,0.08976,0.08976,0.08976,0.08976,0.08976,0.08976
us-east-1,m8g.medium,0.0,0.0153,,,,,0.04488,0.04488,0.04488,0.04488,0.04488,0.04488
us-east-1,m8g.metal-24xl,0.0,2.2017,,,,,4.30848,4.30848,4.30848,4.30848,4.30848,4.30848
us-east-1,m8g.metal-48xl,8.61696,4.4057,,,,,8.61696,8.61696,8.61696,8.61696,8.61696,8.61696
us-east-1,m8g.xlarge,0.17952,0.0548,,,,,0.17952,0.17952,0.17952,0.17952,0.17952,0.17952
us-east-1,m8gd.12xlarge,2.76768,0.6968,,,,,,,,,,
us-east-1,m8gd.16xlarge,3.69024,0.637,,,,,,,,,,
us-east-1,m8gd.24xlarge,5.53536,1.4659,,,,,,,,,,
us-east-1,m8gd.2xlarge,0.46128,0.459,,,,,,,,,,
us-east-1,m8gd.48xlarge,11.07072,3.61,,,,,,,,,,
us-east-1,m8gd.4xlarge,0.92256,0.8523,,,,,,,,,,
us-east-1,m8gd.8xlarge,1.84512,0.4467,,,,,,,,,,
us-east-1,m8gd.large,0.0,0.0393,,,,,,,,,,
us-east-1,m8gd.medium,0.0,0.0156,,,,,,,,,,
us-east-1,m8gd.metal-24xl,5.53536,1.6958,,,,,,,,,,
us-east-1,m8gd.metal-48xl,11.07072,2.2066,,,,,,,,,,
us-east-1,m8gd.xlarge,0.0,0.0672,,,,,,,,,,
us-east-1,p3.16xlarge,24.48,5.5588,,,,,,,,,,
us-east-1,p3.2xlarge,3.06,0.4708,,,,,,,,,,
us-east-1,p3.8xlarge,0.0,1.3039,,,,,,,,,,
us-east-1,p3dn.24xlarge,31.212,4.1783,,,,,31.212,31.212,31.212,31.212,31.212,31.212
us-east-1,p4d.24xlarge,21.957642,6.8216,,,,,21.957642,21.957642,21.957642,21.957642,21.957642,21.957642
us-east-1,p4de.24xlarge,27.44705,8.6021,,,,,27.44705,27.44705,27.44705,27.44705,27.44705,27.44705
us-east-1,p5.48xlarge,0.0,15.1767,,,,,55.04,55.04,55.04,55.04,55.04,55.04
us-east-1,p5en.48xlarge,0.0,18.5861,,,,,,,,,,
us-east-1,r3.2xlarge,1.624,0.2213,,,,,3.664,3.664,3.664,3.664,3.664,3.664
us-east-1,r3.4xlarge,3.248,0.3547,,,,,3.248,3.248,3.248,3.248,3.248,3.248
us-east-1,r3.8xlarge,3.197,0.6779,,,,,2.66,2.66,2.66,2.66,2.66,2.66
us-east-1,r3.large,0.0,0.0417,,,,,0.234,0.234,0.234,0.234,0.234,0.234
us-east-1,r3.xlarge,0.0,0.1092,,,,,0.4,0.4,0.4,0.4,0.4,0.4
us-east-1,r4.16xlarge,28.256,1.6402,,,,,28.256,28.256,28.256,28.256,28.256,28.256
us-east-1,r4.2xlarge,3.532,0.3127,,,,,3.532,3.532,3.532,3.532,3.532,3.532
us-east-1,r4.4xlarge,2.984,0.4359,,,,,2.984,2.984,2.984,2.984,2.984,2.984
us-east-1,r4.8xlarge,0.0,0.696,,,,,2.6688,2.6688,2.6688,2.6688,2.6688,2.6688
us-east-1,r4.large,0.613,0.056,,,,,0.133,0.133,0.133,0.133,0.133,0.133
us-east-1,r4.xlarge,0.0,0.1292,,,,,0.3336,0.3336,0.3336,0.3336,0.3336,0.3336
us-east-1,r5.12xlarge,0.0,0.9759,,,,,3.024,3.024,3.024,3.024,3.024,3.024
us-east-1,r5.16xlarge,0.0,0.6068,,,,,28.032,28.032,28.032,28.032,28.032,28.032
us-east-1,r5.24xlarge,0.0,2.5287,,,,,17.568,17.568,17.568,17.568,17.568,17.568
us-east-1,r5.2xlarge,0.639,0.1888,,,,,0.639,0.639,0.639,0.639,0.639,0.639
us-east-1,r5.4xlarge,2.928,0.3643,,,,,7.008,7.008,7.008,7.008,7.008,7.008
us-east-1,r5.8xlarge,2.016,0.5405,,,,,2.016,2.016,2.016,2.016,2.016,2.016
us-east-1,r5.large,0.606,0.0419,,,,,0.606,0.606,0.606,0.606,0.606,0.606
us-east-1,r5.metal,6.048,1.5836,,,,,6.048,6.048,6.048,6.048,6.048,6.048
us-east-1,r5.xlarge,0.252,0.0736,,,,,0.32,0.32,0.32,0.32,0.32,0.32
us-east-1,r5a.12xlarge,20.712,0.7208,,,,,3.523,3.523,3.523,3.523,3.523,3.523
us-east-1,r5a.16xlarge,3.616,0.9815,,,,,3.616,3.616,3.616,3.616,3.616,3.616
us-east-1,r5a.24xlarge,16.944,1.4679,,,,,16.944,16.944,16.944,16.944,16.944,16.944
us-east-1,r5a.2xlarge,0.0,0.2118,,,,,1.412,1.412,1.412,1.412,1.412,1.412
us-east-1,r5a.4xlarge,1.174,0.3877,,,,,0.904,0.904,0.904,0.904,0.904,0.904
us-east-1,r5a.8xlarge,1.808,0.5396,,,,,13.808,13.808,13.808,13.808,13.808,13.808
us-east-1,r5a.large,0.181,0.0414,,,,,0.181,0.181,0.181,0.181,0.181,0.181
us-east-1,r5a.xlarge,0.226,0.0859,,,,,0.226,0.226,0.226,0.226,0.226,0.226
us-east-1,r5ad.12xlarge,3.955,1.204,,,,,3.144,3.144,3.144,3.144,3.144,3.144
us-east-1,r5ad.16xlarge,0.0,1.0549,,,,,11.872,11.872,11.872,11.872,11.872,11.872
us-east-1,r5ad.24xlarge,17.808,1.778,,,,,17.808,17.808,17.808,17.808,17.808,17.808
us-east-1,r5ad.2xlarge,1.484,0.3455,,,,,0.659,0.659,0.659,0.659,0.659,0.659
us-east-1,r5ad.4xlarge,0.0,0.4565,,,,,7.048,7.048,7.048,7.048,7.048,7.048
us-east-1,r5ad.8xlarge,0.0,0.8089,,,,,2.637,2.637,2.637,2.637,2.637,2.637
us-east-1,r5ad.large,0.199,0.0466,,,,,0.199,0.199,0.199,0.199,0.199,0.199
us-east-1,r5ad.xlarge,1.762,0.1934,,,,,1.762,1.762,1.762,1.762,1.762,1.762
us-east-1,r5b.12xlarge,0.0,1.8611,,,,,21.576,21.576,21.576,21.576,21.576,21.576
us-east-1,r5b.16xlarge,28.768,1.9367,,,,,28.768,28.768,28.768,28.768,28.768,28.768
us-east-1,r5b.24xlarge,43.152,3.9719,,,,,7.152,7.152,7.152,7.152,7.152,7.152
us-east-1,r5b.2xlarge,0.0,0.3553,,,,,3.596,3.596,3.596,3.596,3.596,3.596
us-east-1,r5b.4xlarge,1.192,0.6639,,,,,1.4624,1.4624,1.4624,1.4624,1.4624,1.4624
us-east-1,r5b.8xlarge,0.0,2.0206,,,,,2.9248,2.9248,2.9248,2.9248,2.9248,2.9248
us-east-1,r5b.large,0.629,0.0517,,,,,0.149,0.149,0.149,0.149,0.149,0.149
us-east-1,r5b.metal,0.0,2.6684,,,,,18.672,18.672,18.672,18.672,18.672,18.672
us-east-1,r5b.xlarge,0.298,0.1724,,,,,0.778,0.778,0.778,0.778,0.778,0.778
us-east-1,r5d.12xlarge,9.216,1.1692,,,,,4.267,4.267,4.267,4.267,4.267,4.267
us-east-1,r5d.16xlarge,28.608,1.5598,,,,,12.288,12.288,12.288,12.288,12.288,12.288
us-east-1,r5d.24xlarge,6.912,1.9851,,,,,6.912,6.912,6.912,6.912,6.912,6.912
us-east-1,r5d.2xlarge,0.0,0.3581,,,,,3.576,3.576,3.576,3.576,3.576,3.576
us-east-1,r5d.4xlarge,7.152,0.6021,,,,,3.072,3.072,3.072,3.072,3.072,3.072
us-east-1,r5d.8xlarge,0.0,0.6754,,,,,14.304,14.304,14.304,14.304,14.304,14.304
us-east-1,r5d.large,0.144,0.0728,,,,,0.624,0.624,0.624,0.624,0.624,0.624
us-east-1,r5d.metal,6.912,2.0834,,,,,6.912,6.912,6.912,6.912,6.912,6.912
us-east-1,r5d.xlarge,1.788,0.1556,,,,,1.788,1.788,1.788,1.788,1.788,1.788
us-east-1,r5dn.12xlarge,0.0,1.2794,,,,,4.008,4.008,4.008,4.008,4.008,4.008
us-east-1,r5dn.16xlarge,29.344,1.497,,,,,29.344,29.344,29.344,29.344,29.344,29.344
us-east-1,r5dn.24xlarge,0.0,2.2625,,,,,8.016,8.016,8.016,8.016,8.016,8.016
us-east-1,r5dn.2xlarge,0.0,0.3524,,,,,1.628,1.628,1.628,1.628,1.628,1.628
us-east-1,r5dn.4xlarge,0.0,0.6518,,,,,1.606,1.606,1.606,1.606,1.606,1.606
us-east-1,r5dn.8xlarge,0.0,1.3362,,,,,6.512,6.512,6.512,6.512,6.512,6.512
us-east-1,r5dn.large,0.0,0.0885,,,,,0.235,0.235,0.235,0.235,0.235,0.235
us-east-1,r5dn.metal,9.638,0.9005,,,,,44.016,44.016,44.016,44.016,44.016,44.016
us-east-1,r5dn.xlarge,0.814,0.176,,,,,0.334,0.334,0.334,0.334,0.334,0.334
us-east-1,r5n.12xlarge,4.387,1.4052,,,,,4.387,4.387,4.387,4.387,4.387,4.387
us-east-1,r5n.16xlarge,12.448,1.3151,,,,,12.448,12.448,12.448,12.448,12.448,12.448
us-east-1,r5n.24xlarge,43.152,1.7589,,,,,18.672,18.672,18.672,18.672,18.672,18.672
us-east-1,r5n.2xlarge,0.596,0.3372,,,,,0.596,0.596,0.596,0.596,0.596,0.596
us-east-1,r5n.4xlarge,1.462,0.7195,,,,,1.462,1.462,1.462,1.462,1.462,1.462
us-east-1,r5n.8xlarge,0.0,0.6027,,,,,2.384,2.384,2.384,2.384,2.384,2.384
us-east-1,r5n.large,0.149,0.0582,,,,,0.149,0.149,0.149,0.149,0.149,0.149
us-east-1,r5n.metal,7.152,1.7461,,,,,7.152,7.152,7.152,7.152,7.152,7.152
us-east-1,r5n.xlarge,0.778,0.1482,,,,,0.778,0.778,0.778,0.778,0.778,0.778
us-east-1,r6a.12xlarge,8.4816,0.932,,,,,8.4816,8.4816,8.4816,8.4816,8.4816,8.4816
us-east-1,r6a.16xlarge,11.3088,0.8656,,,,,11.3088,11.3088,11.3088,11.3088,11.3088,11.3088
us-east-1,r6a.24xlarge,7.0656,1.4038,,,,,7.0656,7.0656,7.0656,7.0656,7.0656,7.0656
us-east-1,r6a.2xlarge,0.0,0.1928,,,,,0.5888,0.5888,0.5888,0.5888,0.5888,0.5888
us-east-1,r6a.32xlarge,9.4208,1.8515,,,,,9.4208,9.4208,9.4208,9.4208,9.4208,9.4208
us-east-1,r6a.48xlarge,14.1312,2.4318,,,,,14.1312,14.1312,14.1312,14.1312,14.1312,14.1312
us-east-1,r6a.4xlarge,0.0,0.3513,,,,,0.9072,0.9072,0.9072,0.9072,0.9072,0.9072
us-east-1,r6a.8xlarge,1.8144,0.207,,,,,1.8144,1.8144,1.8144,1.8144,1.8144,1.8144
us-east-1,r6a.large,0.5934,0.0422,,,,,0.181,0.181,0.181,0.181,0.181,0.181
us-east-1,r6a.metal,10.8864,2.0072,,,,,10.8864,10.8864,10.8864,10.8864,10.8864,10.8864
us-east-1,r6a.xlarge,0.7068,0.0561,,,,,0.7068,0.7068,0.7068,0.7068,0.7068,0.7068
us-east-1,r6g.12xlarge,0.0,0.5721,,,,,2.4192,2.4192,2.4192,2.4192,2.4192,2.4192
us-east-1,r6g.16xlarge,3.2256,0.8474,,,,,3.2256,3.2256,3.2256,3.2256,3.2256,3.2256
us-east-1,r6g.2xlarge,0.4032,0.1031,,,,,0.4032,0.4032,0.4032,0.4032,0.4032,0.4032
us-east-1,r6g.4xlarge,0.8064,0.3371,,,,,0.8064,0.8064,0.8064,0.8064,0.8064,0.8064
us-east-1,r6g.8xlarge,0.0,0.4149,,,,,1.6128,1.6128,1.6128,1.6128,1.6128,1.6128
us-east-1,r6g.large,0.0,0.028,,,,,0.1008,0.1008,0.1008,0.1008,0.1008,0.1008
us-east-1,r6g.medium,0.0504,0.0166,,,,,0.0504,0.0504,0.0504,0.0504,0.0504,0.0504
us-east-1,r6g.metal,3.2256,0.7003,,,,,3.2256,3.2256,3.2256,3.2256,3.2256,3.2256
us-east-1,r6g.xlarge,0.2016,0.064,,,,,0.2016,0.2016,0.2016,0.2016,0.2016,0.2016
us-east-1,r6gd.12xlarge,2.7648,0.6538,,,,,2.7648,2.7648,2.7648,2.7648,2.7648,2.7648
us-east-1,r6gd.16xlarge,0.0,0.8721,,,,,3.6864,3.6864,3.6864,3.6864,3.6864,3.6864
us-east-1,r6gd.2xlarge,0.0,0.2472,,,,,0.4608,0.4608,0.4608,0.4608,0.4608,0.4608
us-east-1,r6gd.4xlarge,0.9216,0.3938,,,,,0.9216,0.9216,0.9216,0.9216,0.9216,0.9216
us-east-1,r6gd.8xlarge,0.0,0.5872,,,,,1.8432,1.8432,1.8432,1.8432,1.8432,1.8432
us-east-1,r6gd.large,0.0,0.0402,,,,,0.1152,0.1152,0.1152,0.1152,0.1152,0.1152
us-east-1,r6gd.medium,0.0576,0.0172,,,,,0.0576,0.0576,0.0576,0.0576,0.0576,0.0576
us-east-1,r6gd.metal,0.0,0.9487,,,,,3.6864,3.6864,3.6864,3.6864,3.6864,3.6864
us-east-1,r6gd.xlarge,0.0,0.1236,,,,,0.2304,0.2304,0.2304,0.2304,0.2304,0.2304
us-east-1,r6i.12xlarge,8.784,0.7932,,,,,8.784,8.784,8.784,8.784,8.784,8.784
us-east-1,r6i.16xlarge,0.0,1.2981,,,,,28.032,28.032,28.032,28.032,28.032,28.032
us-east-1,r6i.24xlarge,7.6704,2.817,,,,,42.048,42.048,42.048,42.048,42.048,42.048
us-east-1,r6i.2xlarge,1.464,0.2318,,,,,0.6392,0.6392,0.6392,0.6392,0.6392,0.6392
us-east-1,r6i.32xlarge,56.064,1.9471,,,,,8.064,8.064,8.064,8.064,8.064,8.064
us-east-1,r6i.4xlarge,0.0,0.4373,,,,,1.2784,1.2784,1.2784,1.2784,1.2784,1.2784
us-east-1,r6i.8xlarge,2.5568,0.6605,,,,,2.5568,2.5568,2.5568,2.5568,2.5568,2.5568
us-east-1,r6i.large,0.0,0.0405,,,,,0.126,0.126,0.126,0.126,0.126,0.126
us-east-1,r6i.metal,0.0,1.8967,,,,,56.064,56.064,56.064,56.064,56.064,56.064
us-east-1,r6i.xlarge,0.252,0.1093,,,,,0.252,0.252,0.252,0.252,0.252,0.252
us-east-1,r6id.12xlarge,3.6288,1.6259,,,,,3.6288,3.6288,3.6288,3.6288,3.6288,3.6288
us-east-1,r6id.16xlarge,0.0,1.2666,,,,,28.8384,28.8384,28.8384,28.8384,28.8384,28.8384
us-east-1,r6id.24xlarge,8.88,2.5726,,,,,7.2576,7.2576,7.2576,7.2576,7.2576,7.2576
us-east-1,r6id.2xlarge,1.5648,0.3102,,,,,1.5648,1.5648,1.5648,1.5648,1.5648,1.5648
us-east-1,r6id.32xlarge,0.0,3.1569,,,,,25.0368,25.0368,25.0368,25.0368,25.0368,25.0368
us-east-1,r6id.4xlarge,1.2096,0.5424,,,,,7.2096,7.2096,7.2096,7.2096,7.2096,7.2096
us-east-1,r6id.8xlarge,6.2592,1.0765,,,,,6.2592,6.2592,6.2592,6.2592,6.2592,6.2592
us-east-1,r6id.large,0.0,0.0493,,,,,0.2188,0.2188,0.2188,0.2188,0.2188,0.2188
us-east-1,r6id.metal,25.0368,2.8055,,,,,25.0368,25.0368,25.0368,25.0368,25.0368,25.0368
us-east-1,r6id.xlarge,0.0,0.1616,,,,,1.8024,1.8024,1.8024,1.8024,1.8024,1.8024
us-east-1,r6idn.12xlarge,0.0,1.8405,,,,,4.68936,4.68936,4.68936,4.68936,4.68936,4.68936
us-east-1,r6idn.16xlarge,30.25248,2.3425,,,,,7.33408,7.33408,7.33408,7.33408,7.33408,7.33408
us-east-1,r6idn.24xlarge,9.37872,2.5535,,,,,9.37872,9.37872,9.37872,9.37872,9.37872,9.37872
us-east-1,r6idn.2xlarge,0.78156,0.5054,,,,,0.78156,0.78156,0.78156,0.78156,0.78156,0.78156
us-east-1,r6idn.32xlarge,12.50496,3.2206,,,,,12.50496,12.50496,12.50496,12.50496,12.50496,12.50496
us-east-1,r6idn.4xlarge,7.56312,0.6855,,,,,7.56312,7.56312,7.56312,7.56312,7.56312,7.56312
us-east-1,r6idn.8xlarge,0.0,1.0418,,,,,3.12624,3.12624,3.12624,3.12624,3.12624,3.12624
us-east-1,r6idn.large,0.19539,0.0759,,,,,0.19539,0.19539,0.19539,0.19539,0.19539,0.19539
us-east-1,r6idn.metal,0.0,1.2505,,,,,14.66816,14.66816,14.66816,14.66816,14.66816,14.66816
us-east-1,r6idn.xlarge,0.87078,0.1801,,,,,0.87078,0.87078,0.87078,0.87078,0.87078,0.87078
us-east-1,r6in.12xlarge,9.94392,1.3266,,,,,9.94392,9.94392,9.94392,9.94392,9.94392,9.94392
us-east-1,r6in.16xlarge,0.0,1.7348,,,,,5.57856,5.57856,5.57856,5.57856,5.57856,5.57856
us-east-1,r6in.24xlarge,19.88784,2.3278,,,,,44.36784,44.36784,44.36784,44.36784,44.36784,44.36784
us-east-1,r6in.2xlarge,0.69732,0.2661,,,,,3.69732,3.69732,3.69732,3.69732,3.69732,3.69732
us-east-1,r6in.32xlarge,59.15712,2.6376,,,,,59.15712,59.15712,59.15712,59.15712,59.15712,59.15712
us-east-1,r6in.4xlarge,7.39464,0.9352,,,,,7.39464,7.39464,7.39464,7.39464,7.39464,7.39464
us-east-1,r6in.8xlarge,3.33008,0.7187,,,,,3.33008,3.33008,3.33008,3.33008,3.33008,3.33008
us-east-1,r6in.large,0.17433,0.0223,,,,,0.24193,0.24193,0.24193,0.24193,0.24193,0.24193
us-east-1,r6in.metal,0.0,1.1795,,,,,11.15712,11.15712,11.15712,11.15712,11.15712,11.15712
us-east-1,r6in.xlarge,0.41626,0.1569,,,,,0.41626,0.41626,0.41626,0.41626,0.41626,0.41626
us-east-1,r7a.12xlarge,0.0,1.3338,,,,,9.4116,9.4116,9.4116,9.4116,9.4116,9.4116
us-east-1,r7a.16xlarge,4.8688,1.0921,,,,,4.8688,4.8688,4.8688,4.8688,4.8688,4.8688
us-east-1,r7a.24xlarge,7.3032,0.8781,,,,,7.3032,7.3032,7.3032,7.3032,7.3032,7.3032
us-east-1,r7a.2xlarge,0.7438,0.2569,,,,,0.7438,0.7438,0.7438,0.7438,0.7438,0.7438
us-east-1,r7a.32xlarge,9.7376,2.3602,,,,,9.7376,9.7376,9.7376,9.7376,9.7376,9.7376
us-east-1,r7a.48xlarge,17.8512,2.3493,,,,,17.8512,17.8512,17.8512,17.8512,17.8512,17.8512
us-east-1,r7a.4xlarge,0.0,0.5886,,,,,7.2172,7.2172,7.2172,7.2172,7.2172,7.2172
us-east-1,r7a.8xlarge,2.4344,0.277,,,,,2.4344,2.4344,2.4344,2.4344,2.4344,2.4344
us-east-1,r7a.large,0.63215,0.0591,,,,,0.21975,0.21975,0.21975,0.21975,0.21975,0.21975
us-east-1,r7a.medium,0.14368,0.0238,,,,,0.14368,0.14368,0.14368,0.14368,0.14368,0.14368
us-east-1,r7a.metal-48xl,86.6064,3.741,,,,,17.8512,17.8512,17.8512,17.8512,17.8512,17.8512
us-east-1,r7a.xlarge,0.3719,0.131,,,,,0.3719,0.3719,0.3719,0.3719,0.3719,0.3719
us-east-1,r7g.12xlarge,0.0,0.7775,,,,,2.5704,2.5704,2.5704,2.5704,2.5704,2.5704
us-east-1,r7g.16xlarge,0.0,0.7367,,,,,3.4272,3.4272,3.4272,3.4272,3.4272,3.4272
us-east-1,r7g.2xlarge,0.4284,0.1305,,,,,0.4284,0.4284,0.4284,0.4284,0.4284,0.4284
us-east-1,r7g.4xlarge,0.8568,0.2779,,,,,0.8568,0.8568,0.8568,0.8568,0.8568,0.8568
us-east-1,r7g.8xlarge,0.0,0.5454,,,,,1.7136,1.7136,1.7136,1.7136,1.7136,1.7136
us-east-1,r7g.large,0.1071,0.0294,,,,,0.1071,0.1071,0.1071,0.1071,0.1071,0.1071
us-east-1,r7g.medium,0.0536,0.0178,,,,,0.0536,0.0536,0.0536,0.0536,0.0536,0.0536
us-east-1,r7g.metal,3.4272,0.6077,,,,,3.4272,3.4272,3.4272,3.4272,3.4272,3.4272
us-east-1,r7g.xlarge,0.2142,0.0596,,,,,0.2142,0.2142,0.2142,0.2142,0.2142,0.2142
us-east-1,r7gd.12xlarge,0.0,0.9095,,,,,3.2659,3.2659,3.2659,3.2659,3.2659,3.2659
us-east-1,r7gd.16xlarge,4.3546,1.4938,,,,,4.3546,4.3546,4.3546,4.3546,4.3546,4.3546
us-east-1,r7gd.2xlarge,0.5443,0.2651,,,,,0.5443,0.5443,0.5443,0.5443,0.5443,0.5443
us-east-1,r7gd.4xlarge,1.0886,0.5172,,,,,1.0886,1.0886,1.0886,1.0886,1.0886,1.0886
us-east-1,r7gd.8xlarge,2.1773,0.6161,,,,,2.1773,2.1773,2.1773,2.1773,2.1773,2.1773
us-east-1,r7gd.large,0.1361,0.0451,,,,,0.1361,0.1361,0.1361,0.1361,0.1361,0.1361
us-east-1,r7gd.medium,0.068,0.018,,,,,0.068,0.068,0.068,0.068,0.068,0.068
us-east-1,r7gd.metal,4.3546,0.8779,,,,,4.3546,4.3546,4.3546,4.3546,4.3546,4.3546
us-east-1,r7gd.xlarge,0.2722,0.1136,,,,,0.2722,0.2722,0.2722,0.2722,0.2722,0.2722
us-east-1,r7i.12xlarge,0.0,0.9661,,,,,21.1752,21.1752,21.1752,21.1752,21.1752,21.1752
us-east-1,r7i.16xlarge,0.0,1.4813,,,,,4.2336,4.2336,4.2336,4.2336,4.2336,4.2336
us-east-1,r7i.24xlarge,0.0,2.938,,,,,7.9728,7.9728,7.9728,7.9728,7.9728,7.9728
us-east-1,r7i.2xlarge,0.0,0.2,,,,,0.5292,0.5292,0.5292,0.5292,0.5292,0.5292
us-east-1,r7i.48xlarge,35.7408,3.2978,,,,,12.7008,12.7008,12.7008,12.7008,12.7008,12.7008
us-east-1,r7i.4xlarge,7.0584,0.4155,,,,,2.9784,2.9784,2.9784,2.9784,2.9784,2.9784
us-east-1,r7i.8xlarge,0.0,0.4181,,,,,14.1168,14.1168,14.1168,14.1168,14.1168,14.1168
us-east-1,r7i.large,0.6123,0.0452,,,,,0.1323,0.1323,0.1323,0.1323,0.1323,0.1323
us-east-1,r7i.metal-24xl,0.0,1.0132,,,,,6.3504,6.3504,6.3504,6.3504,6.3504,6.3504
us-east-1,r7i.metal-48xl,84.7008,2.4803,,,,,84.7008,84.7008,84.7008,84.7008,84.7008,84.7008
us-east-1,r7i.xlarge,0.7446,0.1254,,,,,0.7446,0.7446,0.7446,0.7446,0.7446,0.7446
us-east-1,r7iz.12xlarge,4.464,1.3947,,,,,5.2752,5.2752,5.2752,5.2752,5.2752,5.2752
us-east-1,r7iz.16xlarge,0.0,1.5606,,,,,7.0336,7.0336,7.0336,7.0336,7.0336,7.0336
us-east-1,r7iz.2xlarge,0.0,0.3549,,,,,3.744,3.744,3.744,3.744,3.744,3.744
us-east-1,r7iz.32xlarge,0.0,4.0957,,,,,27.264,27.264,27.264,27.264,27.264,27.264
us-east-1,r7iz.4xlarge,3.408,0.7938,,,,,3.408,3.408,3.408,3.408,3.408,3.408
us-east-1,r7iz.8xlarge,3.5168,0.7557,,,,,3.5168,3.5168,3.5168,3.5168,3.5168,3.5168
us-east-1,r7iz.large,0.2536,0.0499,,,,,0.186,0.186,0.186,0.186,0.186,0.186
us-east-1,r7iz.metal-16xl,29.952,0.8765,,,,,29.952,29.952,29.952,29.952,29.952,29.952
us-east-1,r7iz.metal-32xl,27.264,1.9361,,,,,27.264,27.264,27.264,27.264,27.264,27.264
us-east-1,r7iz.xlarge,0.0,0.1314,,,,,0.372,0.372,0.372,0.372,0.372,0.372
us-east-1,r8g.12xlarge,0.0,0.7786,,,,,2.82768,2.82768,2.82768,2.82768,2.82768,2.82768
us-east-1,r8g.16xlarge,0.0,0.9552,,,,,3.77024,3.77024,3.77024,3.77024,3.77024,3.77024
us-east-1,r8g.24xlarge,5.65536,0.9835,,,,,5.65536,5.65536,5.65536,5.65536,5.65536,5.65536
us-east-1,r8g.2xlarge,0.0,0.1642,,,,,0.47128,0.47128,0.47128,0.47128,0.47128,0.47128
us-east-1,r8g.48xlarge,0.0,3.0767,,,,,11.31072,11.31072,11.31072,11.31072,11.31072,11.31072
us-east-1,r8g.4xlarge,0.0,0.3372,,,,,0.94256,0.94256,0.94256,0.94256,0.94256,0.94256
us-east-1,r8g.8xlarge,1.88512,0.4972,,,,,1.88512,1.88512,1.88512,1.88512,1.88512,1.88512
us-east-1,r8g.large,0.11782,0.0428,,,,,0.11782,0.11782,0.11782,0.11782,0.11782,0.11782
us-east-1,r8g.medium,0.0,0.0149,,,,,0.05891,0.05891,0.05891,0.05891,0.05891,0.05891
us-east-1,r8g.metal-24xl,0.0,1.4266,,,,,5.65536,5.65536,5.65536,5.65536,5.65536,5.65536
us-east-1,r8g.metal-48xl,11.31072,1.4665,,,,,11.31072,11.31072,11.31072,11.31072,11.31072,11.31072
us-east-1,r8g.xlarge,0.23564,0.0826,,,,,0.23564,0.23564,0.23564,0.23564,0.23564,0.23564
us-east-1,r8gd.12xlarge,3.52704,1.0396,,,,,,,,,,
us-east-1,r8gd.16xlarge,4.70272,1.4731,,,,,,,,,,
us-east-1,r8gd.24xlarge,7.05408,2.0214,,,,,,,,,,
us-east-1,r8gd.2xlarge,0.58784,0.1752,,,,,,,,,,
us-east-1,r8gd.48xlarge,14.10816,2.3464,,,,,,,,,,
us-east-1,r8gd.4xlarge,1.17568,0.7932,,,,,,,,,,
us-east-1,r8gd.8xlarge,2.35136,0.4206,,,,,,,,,,
us-east-1,r8gd.large,0.14696,0.0407,,,,,,,,,,
us-east-1,r8gd.medium,0.0,0.0173,,,,,,,,,,
us-east-1,r8gd.metal-24xl,7.05408,0.8023,,,,,,,,,,
us-east-1,r8gd.metal-48xl,14.10816,2.9772,,,,,,,,,,
us-east-1,r8gd.xlarge,0.29392,0.1179,,,,,,,,,,
us-east-1,t1.micro,0.02,0.002,,,,,0.02,0.02,0.02,0.02,0.02,0.02
us-east-1,t2.2xlarge,0.3712,0.0935,,,,,0.3712,0.3712,0.3712,0.3712,0.3712,0.3712
us-east-1,t2.large,0.0,0.034,,,,,0.1604,0.1604,0.1604,0.1604,0.1604,0.1604
us-east-1,t2.medium,0.0,0.0333,,,,,0.114,0.114,0.114,0.114,0.114,0.114
us-east-1,t2.micro,0.0116,0.0036,,,,,0.0116,0.0116,0.0116,0.0116,0.0116,0.0116
us-east-1,t2.nano,0.0058,,,,,,0.0058,0.0058,0.0058,0.0058,0.0058,0.0058
us-east-1,t2.small,0.0908,0.0091,,,,,0.023,0.023,0.023,0.023,0.023,0.023
us-east-1,t2.xlarge,0.0,0.065,,,,,1.6856,1.6856,1.6856,1.6856,1.6856,1.6856
us-east-1,t3.2xlarge,0.0,0.0863,,,,,0.468,0.468,0.468,0.468,0.468,0.468
us-east-1,t3.large,0.0832,0.0308,,,,,0.0832,0.0832,0.0832,0.0832,0.0832,0.0832
us-east-1,t3.medium,0.0,0.0178,,,,,0.0416,0.0416,0.0416,0.0416,0.0416,0.0416
us-east-1,t3.micro,0.0,0.0033,,,,,0.0104,0.0104,0.0104,0.0104,0.0104,0.0104
us-east-1,t3.nano,0.0052,0.0009,,,,,0.0052,0.0052,0.0052,0.0052,0.0052,0.0052
us-east-1,t3.small,0.0884,0.0075,,,,,0.0884,0.0884,0.0884,0.0884,0.0884,0.0884
us-east-1,t3.xlarge,0.234,0.0512,,,,,0.234,0.234,0.234,0.234,0.234,0.234
us-east-1,t3a.2xlarge,0.0,0.136,,,,,1.2608,1.2608,1.2608,1.2608,1.2608,1.2608
us-east-1,t3a.large,0.1428,0.0201,,,,,0.1428,0.1428,0.1428,0.1428,0.1428,0.1428
us-east-1,t3a.medium,0.1052,0.0106,,,,,0.1052,0.1052,0.1052,0.1052,0.1052,0.1052
us-east-1,t3a.micro,0.0094,0.0037,,,,,0.077,0.077,0.077,0.077,0.077,0.077
us-east-1,t3a.nano,0.0047,0.0011,,,,,0.0047,0.0047,0.0047,0.0047,0.0047,0.0047
us-east-1,t3a.small,0.0,0.0052,,,,,0.0864,0.0864,0.0864,0.0864,0.0864,0.0864
us-east-1,t3a.xlarge,0.0,0.0458,,,,,1.6504,1.6504,1.6504,1.6504,1.6504,1.6504
us-east-1,t4g.2xlarge,0.2688,0.084,,,,,0.2688,0.2688,0.2688,0.2688,0.2688,0.2688
us-east-1,t4g.large,0.0672,0.0189,,,,,0.0672,0.0672,0.0672,0.0672,0.0672,0.0672
us-east-1,t4g.medium,0.0,0.0123,,,,,0.0336,0.0336,0.0336,0.0336,0.0336,0.0336
us-east-1,t4g.micro,0.0,0.0066,,,,,0.0084,0.0084,0.0084,0.0084,0.0084,0.0084
us-east-1,t4g.nano,0.0,0.0014,,,,,0.0042,0.0042,0.0042,0.0042,0.0042,0.0042
us-east-1,t4g.small,0.0168,0.0079,,,,,0.0168,0.0168,0.0168,0.0168,0.0168,0.0168
us-east-1,t4g.xlarge,0.0,0.0624,,,,,0.1344,0.1344,0.1344,0.1344,0.1344,0.1344
us-east-1,trn1.2xlarge,1.34375,0.3613,,,,,1.34375,1.34375,1.34375,1.34375,1.34375,1.34375
us-east-1,trn1.32xlarge,21.5,12.6677,,,,,21.5,21.5,21.5,21.5,21.5,21.5
us-east-1,trn1n.32xlarge,0.0,5.2681,,,,,24.78,24.78,24.78,24.78,24.78,24.78
us-east-1,u-12tb1.112xlarge,109.2,,,,,,162.96,162.96,162.96,162.96,162.96,162.96
us-east-1,u-18tb1.112xlarge,0.0,,,,,,331.8,331.8,331.8,331.8,331.8,331.8
us-east-1,u-24tb1.112xlarge,0.0,,,,,,272.16,272.16,272.16,272.16,272.16,272.16
us-east-1,u-3tb1.56xlarge,0.0,,,,,,31.0856,31.0856,31.0856,31.0856,31.0856,31.0856
us-east-1,u-6tb1.112xlarge,0.0,,,,,,222.6,222.6,222.6,222.6,222.6,222.6
us-east-1,u-6tb1.56xlarge,0.0,,,,,,46.40391,46.40391,46.40391,46.40391,46.40391,46.40391
us-east-1,u-9tb1.112xlarge,249.9,,,,,,89.4712,89.4712,89.4712,89.4712,89.4712,89.4712
us-east-1,u7i-12tb.224xlarge,135.22775,,,,,,135.22775,135.22775,135.22775,135.22775,135.22775,135.22775
us-east-1,u7i-6tb.112xlarge,62.79,,,,,,,,,,,
us-east-1,u7i-8tb.112xlarge,91.2912,,,,,,,,,,,
us-east-1,u7in-16tb.224xlarge,180.47558,,,,,,180.47558,180.47558,180.47558,180.47558,180.47558,180.47558
us-east-1,u7in-24tb.224xlarge,0.0,,,,,,285.87368,285.87368,285.87368,285.87368,285.87368,285.87368
us-east-1,u7in-32tb.224xlarge,360.98695,,,,,,360.98695,360.98695,360.98695,360.98695,360.98695,360.98695
us-east-1,vt1.24xlarge,0.0,1.2688,,,,,5.2,5.2,5.2,5.2,5.2,5.2
us-east-1,vt1.3xlarge,0.65,0.2426,,,,,0.65,0.65,0.65,0.65,0.65,0.65
us-east-1,vt1.6xlarge,0.0,0.7212,,,,,1.3,1.3,1.3,1.3,1.3,1.3
us-east-1,x1.16xlarge,0.0,1.5233,,,,,7.751,7.751,7.751,7.751,7.751,7.751
us-east-1,x1.32xlarge,28.698,3.5849,,,,,28.698,28.698,28.698,28.698,28.698,28.698
us-east-1,x1e.16xlarge,13.344,2.6986,,,,,13.344,13.344,13.344,13.344,13.344,13.344
us-east-1,x1e.2xlarge,0.0,0.5527,,,,,2.628,2.628,2.628,2.628,2.628,2.628
us-east-1,x1e.32xlarge,0.0,4.2662,,,,,42.048,42.048,42.048,42.048,42.048,42.048
us-east-1,x1e.4xlarge,5.256,1.259,,,,,9.336,9.336,9.336,9.336,9.336,9.336
us-east-1,x1e.8xlarge,7.213,1.8153,,,,,18.672,18.672,18.672,18.672,18.672,18.672
us-east-1,x1e.xlarge,0.0,0.1665,,,,,2.334,2.334,2.334,2.334,2.334,2.334
us-east-1,x2gd.12xlarge,0.0,1.3705,,,,,4.008,4.008,4.008,4.008,4.008,4.008
us-east-1,x2gd.16xlarge,0.0,2.4816,,,,,5.344,5.344,5.344,5.344,5.344,5.344
us-east-1,x2gd.2xlarge,0.668,0.1654,,,,,0.668,0.668,0.668,0.668,0.668,0.668
us-east-1,x2gd.4xlarge,1.336,0.6714,,,,,1.336,1.336,1.336,1.336,1.336,1.336
us-east-1,x2gd.8xlarge,2.672,0.7807,,,,,2.672,2.672,2.672,2.672,2.672,2.672
us-east-1,x2gd.large,0.167,0.0504,,,,,0.167,0.167,0.167,0.167,0.167,0.167
us-east-1,x2gd.medium,0.0835,0.0208,,,,,0.0835,0.0835,0.0835,0.0835,0.0835,0.0835
us-east-1,x2gd.metal,0.0,0.6472,,,,,5.344,5.344,5.344,5.344,5.344,5.344
us-east-1,x2gd.xlarge,0.334,0.0829,,,,,0.334,0.334,0.334,0.334,0.334,0.334
us-east-1,x2idn.16xlarge,0.0,2.2472,,,,,7.7506,7.7506,7.7506,7.7506,7.7506,7.7506
us-east-1,x2idn.24xlarge,46.0035,2.7802,,,,,46.0035,46.0035,46.0035,46.0035,46.0035,46.0035
us-east-1,x2idn.32xlarge,0.0,5.5865,,,,,28.698,28.698,28.698,28.698,28.698,28.698
us-east-1,x2idn.metal,0.0,3.4514,,,,,28.698,28.698,28.698,28.698,28.698,28.698
us-east-1,x2iedn.16xlarge,21.018,4.0648,,,,,37.338,37.338,37.338,37.338,37.338,37.338
us-east-1,x2iedn.24xlarge,56.007,5.6374,,,,,56.007,56.007,56.007,56.007,56.007,56.007
us-east-1,x2iedn.2xlarge,0.0,0.5434,,,,,4.66725,4.66725,4.66725,4.66725,4.66725,4.66725
us-east-1,x2iedn.32xlarge,42.036,7.1225,,,,,42.036,42.036,42.036,42.036,42.036,42.036
us-east-1,x2iedn.4xlarge,5.2545,1.0479,,,,,3.3345,3.3345,3.3345,3.3345,3.3345,3.3345
us-east-1,x2iedn.8xlarge,18.669,1.7651,,,,,18.669,18.669,18.669,18.669,18.669,18.669
us-east-1,x2iedn.metal,0.0,2.6676,,,,,42.036,42.036,42.036,42.036,42.036,42.036
us-east-1,x2iedn.xlarge,0.90123,0.2473,,,,,0.90123,0.90123,0.90123,0.90123,0.90123,0.90123
us-east-1,x2iezn.12xlarge,10.008,3.8885,,,,,28.008,28.008,28.008,28.008,28.008,28.008
us-east-1,x2iezn.2xlarge,0.0,0.533,,,,,4.668,4.668,4.668,4.668,4.668,4.668
us-east-1,x2iezn.4xlarge,0.0,1.0279,,,,,3.336,3.336,3.336,3.336,3.336,3.336
us-east-1,x2iezn.6xlarge,5.4096,1.4125,,,,,7.884,7.884,7.884,7.884,7.884,7.884
us-east-1,x2iezn.8xlarge,0.0,1.6855,,,,,7.2128,7.2128,7.2128,7.2128,7.2128,7.2128
us-east-1,x2iezn.metal,10.008,4.0164,,,,,10.008,10.008,10.008,10.008,10.008,10.008
us-east-1,x8g.12xlarge,4.6896,1.6048,,,,,4.6896,4.6896,4.6896,4.6896,4.6896,4.6896
us-east-1,x8g.16xlarge,0.0,1.2123,,,,,6.2528,6.2528,6.2528,6.2528,6.2528,6.2528
us-east-1,x8g.24xlarge,0.0,0.9379,,,,,9.3792,9.3792,9.3792,9.3792,9.3792,9.3792
us-east-1,x8g.2xlarge,0.0,0.2466,,,,,0.7816,0.7816,0.7816,0.7816,0.7816,0.7816
us-east-1,x8g.48xlarge,18.7584,3.0889,,,,,18.7584,18.7584,18.7584,18.7584,18.7584,18.7584
us-east-1,x8g.4xlarge,1.5632,1.0208,,,,,1.5632,1.5632,1.5632,1.5632,1.5632,1.5632
us-east-1,x8g.8xlarge,3.1264,0.7808,,,,,3.1264,3.1264,3.1264,3.1264,3.1264,3.1264
us-east-1,x8g.large,0.1954,0.0628,,,,,0.1954,0.1954,0.1954,0.1954,0.1954,0.1954
us-east-1,x8g.medium,0.0977,0.0118,,,,,0.0977,0.0977,0.0977,0.0977,0.0977,0.0977
us-east-1,x8g.metal-24xl,0.0,2.2974,,,,,9.3792,9.3792,9.3792,9.3792,9.3792,9.3792
us-east-1,x8g.metal-48xl,18.7584,3.8485,,,,,18.7584,18.7584,18.7584,18.7584,18.7584,18.7584
us-east-1,x8g.xlarge,0.0,0.0391,,,,,0.3908,0.3908,0.3908,0.3908,0.3908,0.3908
us-east-1,z1d.12xlarge,22.464,0.9735,,,,,22.464,22.464,22.464,22.464,22.464,22.464
us-east-1,z1d.2xlarge,1.704,0.3158,,,,,1.704,1.704,1.704,1.704,1.704,1.704
us-east-1,z1d.3xlarge,2.556,0.3538,,,,,1.116,1.116,1.116,1.116,1.116,1.116
us-east-1,z1d.6xlarge,0.0,0.7354,,,,,11.232,11.232,11.232,11.232,11.232,11.232
us-east-1,z1d.large,0.186,0.053,,,,,0.186,0.186,0.186,0.186,0.186,0.186
us-east-1,z1d.metal,5.275,0.9068,,,,,5.275,5.275,5.275,5.275,5.275,5.275
us-east-1,z1d.xlarge,0.0,0.1121,,,,,0.852,0.852,0.852,0.852,0.852,0.852
